가능역,1789,3553,5497,NNP,지명,T,가능역,Compound,*,*,가능/NNG/*+역/NNG/*
가락시장역,1789,3553,5497,NNP,지명,T,가락시장역,Compound,*,*,가락/NNG/*+시장/NNG/*+역/NNG/*
가산디지털단지역,1789,3553,5497,NNP,지명,T,가산디지털단지역,Compound,*,*,가산/NNP/지명+디지털/NNG/*+단지/NNG/*+역/NNG/*
가수원역,1789,3553,5497,NNP,지명,T,가수원역,Compound,*,*,가수원/NNP/지명+역/NNG/*
가야대역,1789,3553,5497,NNP,지명,T,가야대역,Compound,*,*,가야/NNP/지명+대/NNG/*+역/NNG/*
가양역,1789,3553,5497,NNP,지명,T,가양역,Compound,*,*,가양/NNP/지명+역/NNG/*
가좌역,1789,3553,5497,NNP,지명,T,가좌역,Compound,*,*,가좌/NNP/지명+역/NNG/*
가천대역,1789,3553,5497,NNP,지명,T,가천대역,Compound,*,*,가천/NNP/지명+대/NNG/*+역/NNG/*
가천역,1789,3553,5497,NNP,지명,T,가천역,Compound,*,*,가천/NNP/지명+역/NNG/*
가평역,1789,3553,5497,NNP,지명,T,가평역,Compound,*,*,가평/NNP/지명+역/NNG/*
각계역,1789,3553,5497,NNP,지명,T,각계역,Compound,*,*,각계/NNP/지명+역/NNG/*
각산역,1789,3553,5497,NNP,지명,T,각산역,Compound,*,*,각산/NNP/지명+역/NNG/*
간석역,1789,3553,5497,NNP,지명,T,간석역,Compound,*,*,간석/NNP/지명+역/NNG/*
간석오거리역,1789,3553,5497,NNP,지명,T,간석오거리역,Compound,*,*,간석/NNG/*+오/NNG/*+거리/NNG/*+역/NNG/*
간치역,1789,3553,5497,NNP,지명,T,간치역,Compound,*,*,간치/NNG/*+역/NNG/*
갈마역,1789,3553,5497,NNP,지명,T,갈마역,Compound,*,*,갈마/NNP/지명+역/NNG/*
갈매역,1789,3553,5497,NNP,지명,T,갈매역,Compound,*,*,갈매/NNP/지명+역/NNG/*
감곡역,1789,3553,5497,NNP,지명,T,감곡역,Compound,*,*,감곡/NNP/지명+역/NNG/*
감삼역,1789,3553,5497,NNP,지명,T,감삼역,Compound,*,*,감삼/NNP/지명+역/NNG/*
감전역,1789,3553,5497,NNP,지명,T,감전역,Compound,*,*,감전/NNP/지명+역/NNG/*
갑천역,1789,3553,5497,NNP,지명,T,갑천역,Compound,*,*,갑천/NNP/지명+역/NNG/*
갑현역,1789,3553,5497,NNP,지명,T,갑현역,Compound,*,*,갑현/NNP/지명+역/NNG/*
강경역,1789,3553,5497,NNP,지명,T,강경역,Compound,*,*,강경/NNP/지명+역/NNG/*
강남구청역,1789,3553,5497,NNP,지명,T,강남구청역,Compound,*,*,강남/NNP/지명+구청/NNG/장소+역/NNG/*
강남대역,1789,3553,5497,NNP,지명,T,강남대역,Compound,*,*,강남/NNP/지명+대/NNG/*+역/NNG/*
강남역,1789,3553,5001,NNP,지명,T,강남역,Compound,*,*,강남/NNP/지명+역/NNG/*
강동구청역,1789,3553,5497,NNP,지명,T,강동구청역,Compound,*,*,강동/NNP/지명+구청/NNG/장소+역/NNG/*
강동역,1789,3553,5497,NNP,지명,T,강동역,Compound,*,*,강동/NNP/지명+역/NNG/*
강릉역,1789,3553,5497,NNP,지명,T,강릉역,Compound,*,*,강릉/NNP/지명+역/NNG/*
강매역,1789,3553,5497,NNP,지명,T,강매역,Compound,*,*,강매/NNP/지명+역/NNG/*
강변역,1789,3553,5497,NNP,지명,T,강변역,Compound,*,*,강변/NNG/*+역/NNG/*
강서구청역,1789,3553,5497,NNP,지명,T,강서구청역,Compound,*,*,강서/NNP/지명+구청/NNG/장소+역/NNG/*
강촌역,1789,3553,5497,NNP,지명,T,강촌역,Compound,*,*,강촌/NNP/지명+역/NNG/*
개금역,1789,3553,5497,NNP,지명,T,개금역,Compound,*,*,개금/NNP/지명+역/NNG/*
개롱역,1789,3553,5497,NNP,지명,T,개롱역,Compound,*,*,개롱/NNP/지명+역/NNG/*
개봉역,1789,3553,5497,NNP,지명,T,개봉역,Compound,*,*,개봉/NNP/지명+역/NNG/*
개운역,1789,3553,5497,NNP,지명,T,개운역,Compound,*,*,개운/NNP/지명+역/NNG/*
개정역,1789,3553,5497,NNP,지명,T,개정역,Compound,*,*,개정/NNP/지명+역/NNG/*
개태사역,1789,3553,5497,NNP,지명,T,개태사역,Compound,*,*,개태/NNP/*+사/NNG/*+역/NNG/*
개포동역,1789,3553,5497,NNP,지명,T,개포동역,Compound,*,*,개포/NNP/지명+동/NNG/*+역/NNG/*
개포역,1789,3553,5497,NNP,지명,T,개포역,Compound,*,*,개포/NNP/지명+역/NNG/*
개화산역,1789,3553,5497,NNP,지명,T,개화산역,Compound,*,*,개화/NNP/지명+산/NNG/*+역/NNG/*
개화역,1789,3553,5497,NNP,지명,T,개화역,Compound,*,*,개화/NNP/지명+역/NNG/*
거여역,1789,3553,5497,NNP,지명,T,거여역,Compound,*,*,거여/NNP/지명+역/NNG/*
거제역,1789,3553,5497,NNP,지명,T,거제역,Compound,*,*,거제/NNP/지명+역/NNG/*
거촌역,1789,3553,5497,NNP,지명,T,거촌역,Compound,*,*,거촌/NNP/지명+역/NNG/*
건대입구역,1789,3553,5497,NNP,지명,T,건대입구역,Compound,*,*,건대/NNP/*+입구/NNG/장소+역/NNG/*
건들바위역,1789,3553,5497,NNP,지명,T,건들바위역,Compound,*,*,건들바위/NNP/지명+역/NNG/*
건천역,1789,3553,5497,NNP,지명,T,건천역,Compound,*,*,건천/NNP/지명+역/NNG/*
검암역,1789,3553,5497,NNP,지명,T,검암역,Compound,*,*,검암/NNP/지명+역/NNG/*
경기도청북부청사역,1789,3553,5497,NNP,지명,T,경기도청북부청사역,Compound,*,*,경기/NNG/*+도청/NNG/*+북부/NNG/*+청사/NNG/*+역/NNG/*
경대병원역,1789,3553,5497,NNP,지명,T,경대병원역,Compound,*,*,경대/NNP/*+병원/NNP/지명+역/NNG/*
경마공원역,1789,3553,5497,NNP,지명,T,경마공원역,Compound,*,*,경마/NNG/*+공원/NNG/*+역/NNG/*
경복궁역,1789,3553,5497,NNP,지명,T,경복궁역,Compound,*,*,경복/NNG/정적사태+궁/NNG/*+역/NNG/*
경산역,1789,3553,5497,NNP,지명,T,경산역,Compound,*,*,경산/NNP/지명+역/NNG/*
경성대·부경대역,1,1,5497,NNP,지명,*,경성대·부경대역,Preanalysis,*,*,경성/NNP/지명+대/NNG/*+·/SC/*+부경/NNP/지명+대/NNG/*+역/NNG/*
경성대부경대역,1789,3553,5497,NNP,지명,T,경성대부경대역,Compound,*,*,경성/NNP/지명+대/NNG/*+부경/NNP/지명+대/NNG/*+역/NNG/*
경인교대입구역,1789,3553,5497,NNP,지명,T,경인교대입구역,Compound,*,*,경인/NNG/*+교대/NNP/지명+입구/NNG/장소+역/NNG/*
경전철의정부역,1789,3553,5497,NNP,지명,T,경전철의정부역,Compound,*,*,경/NNG/*+전철/NNG/*+의정부/NNP/지명+역/NNG/*
경주역,1789,3553,5497,NNP,지명,T,경주역,Compound,*,*,경주/NNP/지명+역/NNG/*
경찰병원역,1789,3553,5497,NNP,지명,T,경찰병원역,Compound,*,*,경찰/NNG/*+병원/NNG/*+역/NNG/*
경화역,1789,3553,5497,NNP,지명,T,경화역,Compound,*,*,경화/NNP/지명+역/NNG/*
계룡역,1789,3553,5497,NNP,지명,T,계룡역,Compound,*,*,계룡/NNP/지명+역/NNG/*
계명대역,1789,3553,5497,NNP,지명,T,계명대역,Compound,*,*,계명/NNG/*+대/NNG/*+역/NNG/*
계산역,1789,3553,5497,NNP,지명,T,계산역,Compound,*,*,계산/NNP/지명+역/NNG/*
계양역,1789,3553,5497,NNP,지명,T,계양역,Compound,*,*,계양/NNP/지명+역/NNG/*
고덕역,1789,3553,5497,NNP,지명,T,고덕역,Compound,*,*,고덕/NNP/지명+역/NNG/*
고려대역,1789,3553,5497,NNP,지명,T,고려대역,Compound,*,*,고려대/NNP/*+역/NNG/*
고막원역,1789,3553,5497,NNP,지명,T,고막원역,Compound,*,*,고막원/NNP/지명+역/NNG/*
고명역,1789,3553,5497,NNP,지명,T,고명역,Compound,*,*,고명/NNP/지명+역/NNG/*
고모역,1789,3553,5497,NNP,지명,T,고모역,Compound,*,*,고모/NNP/지명+역/NNG/*
고사리역,1789,3553,5497,NNP,지명,T,고사리역,Compound,*,*,고사리/NNP/지명+역/NNG/*
고산역,1789,3553,5497,NNP,지명,T,고산역,Compound,*,*,고산/NNP/지명+역/NNG/*
고속터미널역,1789,3553,5497,NNP,지명,T,고속터미널역,Compound,*,*,고속/NNG/*+터미널/NNG/*+역/NNG/*
고잔역,1789,3553,5497,NNP,지명,T,고잔역,Compound,*,*,고잔/NNP/지명+역/NNG/*
고진역,1789,3553,5497,NNP,지명,T,고진역,Compound,*,*,고진/NNG/*+역/NNG/*
고촌역,1789,3553,5497,NNP,지명,T,고촌역,Compound,*,*,고촌/NNP/지명+역/NNG/*
고한역,1789,3553,5497,NNP,지명,T,고한역,Compound,*,*,고한/NNP/지명+역/NNG/*
곡산역,1789,3553,5497,NNP,지명,T,곡산역,Compound,*,*,곡산/NNP/지명+역/NNG/*
곡성역,1789,3553,5497,NNP,지명,T,곡성역,Compound,*,*,곡성/NNP/지명+역/NNG/*
곤제역,1789,3553,5497,NNP,지명,T,곤제역,Compound,*,*,곤제/NNG/*+역/NNG/*
골약역,1789,3553,5497,NNP,지명,T,골약역,Compound,*,*,골약/NNP/지명+역/NNG/*
공단역,1789,3553,5497,NNP,지명,T,공단역,Compound,*,*,공단/NNP/지명+역/NNG/*
공덕역,1789,3553,5497,NNP,지명,T,공덕역,Compound,*,*,공덕/NNP/지명+역/NNG/*
공릉역,1789,3553,5497,NNP,지명,T,공릉역,Compound,*,*,공릉/NNP/지명+역/NNG/*
공전역,1789,3553,5497,NNP,지명,T,공전역,Compound,*,*,공전/NNP/지명+역/NNG/*
공항시장역,1789,3553,5497,NNP,지명,T,공항시장역,Compound,*,*,공항/NNG/*+시장/NNG/*+역/NNG/*
공항역,1789,3553,5497,NNP,지명,T,공항역,Compound,*,*,공항/NNP/지명+역/NNG/*
공항화물청사역,1789,3553,5497,NNP,지명,T,공항화물청사역,Compound,*,*,공항/NNG/*+화물/NNG/*+청사/NNG/*+역/NNG/*
과천역,1789,3553,5497,NNP,지명,T,과천역,Compound,*,*,과천/NNP/지명+역/NNG/*
관악역,1789,3553,5497,NNP,지명,T,관악역,Compound,*,*,관악/NNP/지명+역/NNG/*
관촌역,1789,3553,5497,NNP,지명,T,관촌역,Compound,*,*,관촌/NNP/지명+역/NNG/*
광곡역,1789,3553,5497,NNP,지명,T,광곡역,Compound,*,*,광곡/NNP/지명+역/NNG/*
광나루역,1789,3553,5497,NNP,지명,T,광나루역,Compound,*,*,광/NNG/*+나루/NNG/*+역/NNG/*
광명사거리역,1789,3553,5497,NNP,지명,T,광명사거리역,Compound,*,*,광명/NNP/지명+사/NNG/*+거리/NNG/*+역/NNG/*
광명역,1789,3553,5497,NNP,지명,T,광명역,Compound,*,*,광명/NNP/지명+역/NNG/*
광안역,1789,3553,5497,NNP,지명,T,광안역,Compound,*,*,광안/NNP/지명+역/NNG/*
광양역,1789,3553,5497,NNP,지명,T,광양역,Compound,*,*,광양/NNP/지명+역/NNG/*
광양항역,1789,3553,5497,NNP,지명,T,광양항역,Compound,*,*,광양/NNP/지명+항/NNG/*+역/NNG/*
광운대역,1789,3553,5497,NNP,지명,T,광운대역,Compound,*,*,광운/NNP/*+대/NNG/*+역/NNG/*
광주송정역,1789,3553,5497,NNP,지명,T,광주송정역,Compound,*,*,광주/NNP/지명+송정/NNP/지명+역/NNG/*
광주역,1789,3553,5497,NNP,지명,T,광주역,Compound,*,*,광주/NNP/지명+역/NNG/*
광천역,1789,3553,5497,NNP,지명,T,광천역,Compound,*,*,광천/NNP/지명+역/NNG/*
광화문역,1789,3553,5497,NNP,지명,T,광화문역,Compound,*,*,광화/NNG/*+문/NNG/*+역/NNG/*
광흥창역,1789,3553,5497,NNP,지명,T,광흥창역,Compound,*,*,광흥/NNG/*+창/NNG/*+역/NNG/*
괘법르네시떼역,1789,3553,5497,NNP,지명,T,괘법르네시떼역,Compound,*,*,괘법/NNP/지명+르네시떼/NNP/지명+역/NNG/*
괴동역,1789,3553,5497,NNP,지명,T,괴동역,Compound,*,*,괴동/NNP/지명+역/NNG/*
괴목역,1789,3553,5497,NNP,지명,T,괴목역,Compound,*,*,괴목/NNP/지명+역/NNG/*
괴정역,1789,3553,5497,NNP,지명,T,괴정역,Compound,*,*,괴정/NNP/지명+역/NNG/*
교대역,1789,3553,5497,NNP,지명,T,교대역,Compound,*,*,교대/NNP/지명+역/NNG/*
구남역,1789,3553,5497,NNP,지명,T,구남역,Compound,*,*,구남/NNP/지명+역/NNG/*
구례구역,1789,3553,5497,NNP,지명,T,구례구역,Compound,*,*,구례구/NNP/지명+역/NNG/*
구로디지털단지역,1789,3553,5497,NNP,지명,T,구로디지털단지역,Compound,*,*,구로/NNG/*+디지털/NNG/*+단지/NNG/*+역/NNG/*
구로역,1789,3553,5497,NNP,지명,T,구로역,Compound,*,*,구로/NNP/지명+역/NNG/*
구룡역,1789,3553,5497,NNP,지명,T,구룡역,Compound,*,*,구룡/NNP/지명+역/NNG/*
구리역,1789,3553,5497,NNP,지명,T,구리역,Compound,*,*,구리/NNP/지명+역/NNG/*
구명역,1789,3553,5497,NNP,지명,T,구명역,Compound,*,*,구명/NNG/행위+역/NNG/*
구미역,1789,3553,5497,NNP,지명,T,구미역,Compound,*,*,구미/NNP/지명+역/NNG/*
구반포역,1789,3553,5497,NNP,지명,T,구반포역,Compound,*,*,구반포/NNP/지명+역/NNG/*
구산역,1789,3553,5497,NNP,지명,T,구산역,Compound,*,*,구산/NNP/지명+역/NNG/*
구서역,1789,3553,5497,NNP,지명,T,구서역,Compound,*,*,구서/NNP/지명+역/NNG/*
구성역,1789,3553,5497,NNP,지명,T,구성역,Compound,*,*,구성/NNP/지명+역/NNG/*
구암역,1789,3553,5497,NNP,지명,T,구암역,Compound,*,*,구암/NNP/지명+역/NNG/*
구의역,1789,3553,5497,NNP,지명,T,구의역,Compound,*,*,구의/NNP/지명+역/NNG/*
구일역,1789,3553,5497,NNP,지명,T,구일역,Compound,*,*,구일/NNP/지명+역/NNG/*
구절리역,1789,3553,5497,NNP,지명,T,구절리역,Compound,*,*,구절/NNP/지명+리/NNG/*+역/NNG/*
구파발역,1789,3553,5497,NNP,지명,T,구파발역,Compound,*,*,구파발/NNP/지명+역/NNG/*
구포역,1789,3553,5497,NNP,지명,T,구포역,Compound,*,*,구포/NNP/지명+역/NNG/*
구학역,1789,3553,5497,NNP,지명,T,구학역,Compound,*,*,구학/NNP/지명+역/NNG/*
국수역,1789,3553,5497,NNP,지명,T,국수역,Compound,*,*,국수/NNP/지명+역/NNG/*
국제업무지구역,1789,3553,5497,NNP,지명,T,국제업무지구역,Compound,*,*,국제/NNG/*+업무/NNG/행위+지구/NNP/지명+역/NNG/*
국회의사당역,1789,3553,5497,NNP,지명,T,국회의사당역,Compound,*,*,국회/NNG/*+의사당/NNG/*+역/NNG/*
군북역,1789,3553,5497,NNP,지명,T,군북역,Compound,*,*,군북/NNP/지명+역/NNG/*
군산역,1789,3553,5497,NNP,지명,T,군산역,Compound,*,*,군산/NNP/지명+역/NNG/*
군산화물역,1789,3553,5497,NNP,지명,T,군산화물역,Compound,*,*,군산/NNP/지명+화물/NNG/*+역/NNG/*
군자역,1789,3553,5497,NNP,지명,T,군자역,Compound,*,*,군자/NNP/지명+역/NNG/*
군포역,1789,3553,5497,NNP,지명,T,군포역,Compound,*,*,군포/NNP/지명+역/NNG/*
굴봉산역,1789,3553,5497,NNP,지명,T,굴봉산역,Compound,*,*,굴봉/NNG/*+산/NNG/*+역/NNG/*
굴포천역,1789,3553,5497,NNP,지명,T,굴포천역,Compound,*,*,굴포/NNP/지명+천/NNG/*+역/NNG/*
굽은다리역,1,2,5497,NNP,지명,T,굽은다리역,Preanalysis,*,*,굽/VV/*+은/ETM/*+다리/NNG/*+역/NNG/*
귤현역,1789,3553,5497,NNP,지명,T,귤현역,Compound,*,*,귤현/NNP/지명+역/NNG/*
극락강역,1789,3553,5497,NNP,지명,T,극락강역,Compound,*,*,극락강/NNP/지명+역/NNG/*
금강역,1789,3553,5498,NNP,지명,T,금강역,Compound,*,*,금강/NNP/지명+역/NNG/*
금곡역,1789,3553,5497,NNP,지명,T,금곡역,Compound,*,*,금곡/NNP/지명+역/NNG/*
금교역,1789,3553,5497,NNP,지명,T,금교역,Compound,*,*,금교/NNP/지명+역/NNG/*
금남로4가역,1789,3551,5497,NNP,지명,*,금남로4가역,Compound,*,*,금남로/NNP/지명+4/SN/*+가/XSN/*+역/NNG/*
금남로5가역,1789,3551,5497,NNP,지명,*,금남로5가역,Compound,*,*,금남로/NNP/지명+5/SN/*+가/XSN/*+역/NNG/*
금련산역,1789,3553,5497,NNP,지명,T,금련산역,Compound,*,*,금련/NNG/*+산/NNG/*+역/NNG/*
금릉역,1789,3553,5497,NNP,지명,T,금릉역,Compound,*,*,금릉/NNP/지명+역/NNG/*
금사역,1789,3553,5497,NNP,지명,T,금사역,Compound,*,*,금사/NNP/지명+역/NNG/*
금정역,1789,3553,5497,NNP,지명,T,금정역,Compound,*,*,금정/NNP/지명+역/NNG/*
금지역,1789,3553,5497,NNP,지명,T,금지역,Compound,*,*,금지/NNP/지명+역/NNG/*
금천구청역,1789,3553,5497,NNP,지명,T,금천구청역,Compound,*,*,금천/NNG/*+구청/NNG/장소+역/NNG/*
금촌역,1789,3553,5497,NNP,지명,T,금촌역,Compound,*,*,금촌/NNP/지명+역/NNG/*
금호역,1789,3553,5497,NNP,지명,T,금호역,Compound,*,*,금호/NNP/지명+역/NNG/*
기장역,1789,3553,5497,NNP,지명,T,기장역,Compound,*,*,기장/NNP/지명+역/NNG/*
기흥역,1789,3553,5497,NNP,지명,T,기흥역,Compound,*,*,기흥/NNP/지명+역/NNG/*
길음역,1789,3553,5497,NNP,지명,T,길음역,Compound,*,*,길음/NNP/지명+역/NNG/*
김대중컨벤션센터역,1789,3553,5497,NNP,지명,T,김대중컨벤션센터역,Compound,*,*,김대중/NNP/인명+컨벤션/NNG/*+센터/NNG/*+역/NNG/*
김량장역,1789,3553,5497,NNP,지명,T,김량장역,Compound,*,*,김량장/NNP/지명+역/NNG/*
김유정역,1789,3553,5497,NNP,지명,T,김유정역,Compound,*,*,김유정/NNP/인명+역/NNG/*
김제역,1789,3553,5497,NNP,지명,T,김제역,Compound,*,*,김제/NNP/지명+역/NNG/*
김천역,1789,3553,5497,NNP,지명,T,김천역,Compound,*,*,김천/NNP/지명+역/NNG/*
김포공항역,1789,3553,5497,NNP,지명,T,김포공항역,Compound,*,*,김포/NNP/지명+공항/NNP/지명+역/NNG/*
김해대학역,1789,3553,5497,NNP,지명,T,김해대학역,Compound,*,*,김해/NNP/지명+대학/NNG/*+역/NNG/*
김해시청역,1789,3553,5497,NNP,지명,T,김해시청역,Compound,*,*,김해/NNP/지명+시청/NNG/*+역/NNG/*
까치산역,1789,3553,5497,NNP,지명,T,까치산역,Compound,*,*,까치/NNG/*+산/NNG/*+역/NNG/*
까치울역,1789,3553,5497,NNP,지명,T,까치울역,Compound,*,*,까치울/NNP/지명+역/NNG/*
나원역,1789,3553,5497,NNP,지명,T,나원역,Compound,*,*,나원/NNP/지명+역/NNG/*
나전역,1789,3553,5497,NNP,지명,T,나전역,Compound,*,*,나전/NNP/지명+역/NNG/*
나주역,1789,3553,5497,NNP,지명,T,나주역,Compound,*,*,나주/NNP/지명+역/NNG/*
낙동강역,1789,3553,5497,NNP,지명,T,낙동강역,Compound,*,*,낙동/NNG/*+강/NNG/*+역/NNG/*
낙민역,1789,3553,5497,NNP,지명,T,낙민역,Compound,*,*,낙민/NNP/지명+역/NNG/*
낙성대역,1789,3553,5497,NNP,지명,T,낙성대역,Compound,*,*,낙성/NNG/*+대/NNG/*+역/NNG/*
남광주역,1789,3553,5497,NNP,지명,T,남광주역,Compound,*,*,남광주/NNP/지명+역/NNG/*
남구로역,1789,3553,5497,NNP,지명,T,남구로역,Compound,*,*,남구로/NNP/지명+역/NNG/*
남동인더스파크역,1789,3553,5497,NNP,지명,T,남동인더스파크역,Compound,*,*,남동/NNP/지명+인더스파크/NNP/*+역/NNG/*
남문구역,1789,3553,5497,NNP,지명,T,남문구역,Compound,*,*,남문구/NNP/지명+역/NNG/*
남부터미널역,1789,3553,5497,NNP,지명,T,남부터미널역,Compound,*,*,남부/NNG/*+터미널/NNG/*+역/NNG/*
남산역,1789,3553,5497,NNP,지명,T,남산역,Compound,*,*,남산/NNP/지명+역/NNG/*
남산정역,1789,3553,5497,NNP,지명,T,남산정역,Compound,*,*,남산정/NNP/지명+역/NNG/*
남성역,1789,3553,5497,NNP,지명,T,남성역,Compound,*,*,남성/NNP/지명+역/NNG/*
남성현역,1789,3553,5497,NNP,지명,T,남성현역,Compound,*,*,남성현/NNP/인명+역/NNG/*
남양산역,1789,3553,5497,NNP,지명,T,남양산역,Compound,*,*,남양/NNP/지명+산/NNG/*+역/NNG/*
남원역,1789,3553,5497,NNP,지명,T,남원역,Compound,*,*,남원/NNP/지명+역/NNG/*
남창역,1789,3553,5497,NNP,지명,T,남창역,Compound,*,*,남창/NNP/지명+역/NNG/*
남창원역,1789,3553,5497,NNP,지명,T,남창원역,Compound,*,*,남창원/NNP/지명+역/NNG/*
남천역,1789,3553,5497,NNP,지명,T,남천역,Compound,*,*,남천/NNP/지명+역/NNG/*
남철송장역,1789,3553,5497,NNP,지명,T,남철송장역,Compound,*,*,남/NNG/*+철/NNG/*+송장/NNG/*+역/NNG/*
남춘천역,1789,3553,5497,NNP,지명,T,남춘천역,Compound,*,*,남춘천/NNP/지명+역/NNG/*
남태령역,1789,3553,5497,NNP,지명,T,남태령역,Compound,*,*,남태령/NNP/지명+역/NNG/*
남평역,1789,3553,5497,NNP,지명,T,남평역,Compound,*,*,남평/NNP/지명+역/NNG/*
남포역,1789,3553,5497,NNP,지명,T,남포역,Compound,*,*,남포/NNP/지명+역/NNG/*
남한산성입구역,1789,3553,5497,NNP,지명,T,남한산성입구역,Compound,*,*,남한/NNG/*+산성/NNG/*+입구/NNG/장소+역/NNG/*
내당역,1789,3553,2198,NNP,지명,T,내당역,Compound,*,*,내당/NNP/지명+역/NNG/*
내수역,1789,3553,2198,NNP,지명,T,내수역,Compound,*,*,내수/NNP/지명+역/NNG/*
내판역,1789,3553,2198,NNP,지명,T,내판역,Compound,*,*,내판/NNP/지명+역/NNG/*
냉정역,1789,3553,5497,NNP,지명,T,냉정역,Compound,*,*,냉정/NNP/지명+역/NNG/*
노들역,1789,3553,5497,NNP,지명,T,노들역,Compound,*,*,노들/NNP/지명+역/NNG/*
노량진역,1789,3553,5497,NNP,지명,T,노량진역,Compound,*,*,노량진/NNP/지명+역/NNG/*
노령역,1789,3553,5497,NNP,지명,T,노령역,Compound,*,*,노령/NNP/지명+역/NNG/*
노안역,1789,3553,5497,NNP,지명,T,노안역,Compound,*,*,노안/NNP/지명+역/NNG/*
노원역,1789,3553,5497,NNP,지명,T,노원역,Compound,*,*,노원/NNP/지명+역/NNG/*
노은역,1789,3553,5497,NNP,지명,T,노은역,Compound,*,*,노은/NNP/지명+역/NNG/*
노포역,1789,3553,5497,NNP,지명,T,노포역,Compound,*,*,노포/NNP/지명+역/NNG/*
녹동역,1789,3553,5497,NNP,지명,T,녹동역,Compound,*,*,녹동/NNP/지명+역/NNG/*
녹번역,1789,3553,5497,NNP,지명,T,녹번역,Compound,*,*,녹번/NNP/지명+역/NNG/*
녹사평역,1789,3553,5497,NNP,지명,T,녹사평역,Compound,*,*,녹사평/NNP/지명+역/NNG/*
녹양역,1789,3553,5497,NNP,지명,T,녹양역,Compound,*,*,녹양/NNP/지명+역/NNG/*
녹천역,1789,3553,5497,NNP,지명,T,녹천역,Compound,*,*,녹천/NNP/지명+역/NNG/*
논산역,1789,3553,5497,NNP,지명,T,논산역,Compound,*,*,논산/NNP/지명+역/NNG/*
논현역,1789,3553,5497,NNP,지명,T,논현역,Compound,*,*,논현/NNP/지명+역/NNG/*
농성역,1789,3553,5497,NNP,지명,T,농성역,Compound,*,*,농성/NNP/지명+역/NNG/*
능곡역,1789,3553,5497,NNP,지명,T,능곡역,Compound,*,*,능곡/NNP/지명+역/NNG/*
능주역,1789,3553,5497,NNP,지명,T,능주역,Compound,*,*,능주/NNP/지명+역/NNG/*
다산역,1789,3553,5497,NNP,지명,T,다산역,Compound,*,*,다산/NNP/지명+역/NNG/*
다솔사,1789,3552,5497,NNP,지명,F,다솔사,Compound,*,*,다솔/NNP/*+사/NNG/*
다솔사역,1789,3553,5497,NNP,지명,T,다솔사역,Compound,*,*,다솔/NNP/*+사/NNG/*+역/NNG/*
다시역,1789,3553,5497,NNP,지명,T,다시역,Compound,*,*,다시/NNP/지명+역/NNG/*
단대오거리역,1789,3553,5497,NNP,지명,T,단대오거리역,Compound,*,*,단대/NNP/지명+오/NNG/*+거리/NNG/*+역/NNG/*
단성역,1789,3553,5497,NNP,지명,T,단성역,Compound,*,*,단성/NNP/지명+역/NNG/*
단양역,1789,3553,5497,NNP,지명,T,단양역,Compound,*,*,단양/NNP/지명+역/NNG/*
단촌역,1789,3553,5497,NNP,지명,T,단촌역,Compound,*,*,단촌/NNP/지명+역/NNG/*
달성공원역,1789,3553,5497,NNP,지명,T,달성공원역,Compound,*,*,달성/NNG/*+공원/NNG/*+역/NNG/*
달천역,1789,3553,5497,NNP,지명,T,달천역,Compound,*,*,달천/NNP/지명+역/NNG/*
담티역,1789,3553,5497,NNP,지명,T,담티역,Compound,*,*,담티/NNP/지명+역/NNG/*
답십리역,1789,3553,5497,NNP,지명,T,답십리역,Compound,*,*,답십리/NNP/지명+역/NNG/*
당리역,1789,3553,5497,NNP,지명,T,당리역,Compound,*,*,당리/NNP/지명+역/NNG/*
당산역,1789,3553,5497,NNP,지명,T,당산역,Compound,*,*,당산/NNP/지명+역/NNG/*
당정역,1789,3553,5497,NNP,지명,T,당정역,Compound,*,*,당정/NNP/지명+역/NNG/*
대곡역,1789,3553,5497,NNP,지명,T,대곡역,Compound,*,*,대곡/NNP/지명+역/NNG/*
대공원역,1789,3553,5497,NNP,지명,T,대공원역,Compound,*,*,대/NNG/*+공원/NNG/*+역/NNG/*
대광리역,1789,3553,5497,NNP,지명,T,대광리역,Compound,*,*,대광/NNP/지명+리/NNG/*+역/NNG/*
대구역,1789,3553,3796,NNP,지명,T,대구역,Compound,*,*,대구/NNP/지명+역/NNG/*
대구은행역,1789,3553,5497,NNP,지명,T,대구은행역,Compound,*,*,대구/NNP/지명+은행/NNG/*+역/NNG/*
대동역,1789,3553,5497,NNP,지명,T,대동역,Compound,*,*,대동/NNP/지명+역/NNG/*
대림역,1789,3553,5497,NNP,지명,T,대림역,Compound,*,*,대림/NNP/지명+역/NNG/*
대명역,1789,3553,5497,NNP,지명,T,대명역,Compound,*,*,대명/NNP/지명+역/NNG/*
대모산입구역,1789,3553,5497,NNP,지명,T,대모산입구역,Compound,*,*,대모/NNG/*+산/NNG/*+입구/NNG/장소+역/NNG/*
대방역,1789,3553,5497,NNP,지명,T,대방역,Compound,*,*,대방/NNP/지명+역/NNG/*
대봉교역,1789,3553,5497,NNP,지명,T,대봉교역,Compound,*,*,대봉교/NNP/지명+역/NNG/*
대불역,1789,3553,5497,NNP,지명,T,대불역,Compound,*,*,대불/NNP/지명+역/NNG/*
대사역,1789,3553,5499,NNP,지명,T,대사역,Compound,*,*,대사/NNP/지명+역/NNG/*
대성리역,1789,3553,5497,NNP,지명,T,대성리역,Compound,*,*,대성/NNP/지명+리/NNG/*+역/NNG/*
대신역,1789,3553,5497,NNP,지명,T,대신역,Compound,*,*,대신/NNP/지명+역/NNG/*
대야미역,1789,3553,5497,NNP,지명,T,대야미역,Compound,*,*,대야미/NNP/지명+역/NNG/*
대야역,1789,3553,5497,NNP,지명,T,대야역,Compound,*,*,대야/NNP/지명+역/NNG/*
대연역,1789,3553,5497,NNP,지명,T,대연역,Compound,*,*,대연/NNP/지명+역/NNG/*
대저역,1789,3553,5497,NNP,지명,T,대저역,Compound,*,*,대저/NNG/*+역/NNG/*
대전역,1789,3553,5033,NNP,지명,T,대전역,Compound,*,*,대전/NNP/지명+역/NNG/*
대전조차장역,1789,3553,5497,NNP,지명,T,대전조차장역,Compound,*,*,대전/NNP/지명+조차/NNG/*+장/NNG/*+역/NNG/*
대천역,1789,3553,5497,NNP,지명,T,대천역,Compound,*,*,대천/NNP/지명+역/NNG/*
대청역,1789,3553,5497,NNP,지명,T,대청역,Compound,*,*,대청/NNP/지명+역/NNG/*
대치역,1789,3553,5497,NNP,지명,T,대치역,Compound,*,*,대치/NNP/지명+역/NNG/*
대티역,1789,3553,5497,NNP,지명,T,대티역,Compound,*,*,대티/NNP/지명+역/NNG/*
대화역,1789,3553,5497,NNP,지명,T,대화역,Compound,*,*,대화/NNP/지명+역/NNG/*
대흥역,1789,3553,5497,NNP,지명,T,대흥역,Compound,*,*,대흥/NNP/지명+역/NNG/*
덕계역,1789,3553,5497,NNP,지명,T,덕계역,Compound,*,*,덕계/NNP/지명+역/NNG/*
덕두역,1789,3553,5497,NNP,지명,T,덕두역,Compound,*,*,덕두/NNP/지명+역/NNG/*
덕산역,1789,3553,5497,NNP,지명,T,덕산역,Compound,*,*,덕산/NNP/지명+역/NNG/*
덕소역,1789,3553,5497,NNP,지명,T,덕소역,Compound,*,*,덕소/NNP/지명+역/NNG/*
덕양역,1789,3553,5497,NNP,지명,T,덕양역,Compound,*,*,덕양/NNP/지명+역/NNG/*
덕정역,1789,3553,5497,NNP,지명,T,덕정역,Compound,*,*,덕정/NNP/지명+역/NNG/*
덕천역,1789,3553,5497,NNP,지명,T,덕천역,Compound,*,*,덕천/NNP/지명+역/NNG/*
덕포역,1789,3553,5497,NNP,지명,T,덕포역,Compound,*,*,덕포/NNP/지명+역/NNG/*
덕하역,1789,3553,5497,NNP,지명,T,덕하역,Compound,*,*,덕하/NNP/지명+역/NNG/*
도경리역,1789,3553,5497,NNP,지명,T,도경리역,Compound,*,*,도경/NNP/지명+리/NNG/*+역/NNG/*
도계역,1789,3553,5497,NNP,지명,T,도계역,Compound,*,*,도계/NNP/지명+역/NNG/*
도고온천역,1789,3553,5497,NNP,지명,T,도고온천역,Compound,*,*,도고/NNP/지명+온천/NNG/*+역/NNG/*
도곡역,1789,3553,5497,NNP,지명,T,도곡역,Compound,*,*,도곡/NNP/지명+역/NNG/*
도농역,1789,3553,5497,NNP,지명,T,도농역,Compound,*,*,도농/NNP/지명+역/NNG/*
도담역,1789,3553,5497,NNP,지명,T,도담역,Compound,*,*,도담/NNP/지명+역/NNG/*
도라산역,1789,3553,5497,NNP,지명,T,도라산역,Compound,*,*,도라/NNG/*+산/NNG/*+역/NNG/*
도림천역,1789,3553,5497,NNP,지명,T,도림천역,Compound,*,*,도림/NNP/지명+천/NNG/*+역/NNG/*
도봉산역,1789,3553,5497,NNP,지명,T,도봉산역,Compound,*,*,도봉/NNG/*+산/NNG/*+역/NNG/*
도봉역,1789,3553,5497,NNP,지명,T,도봉역,Compound,*,*,도봉/NNP/지명+역/NNG/*
도산역,1789,3553,5497,NNP,지명,T,도산역,Compound,*,*,도산/NNP/지명+역/NNG/*
도심역,1789,3553,5497,NNP,지명,T,도심역,Compound,*,*,도심/NNP/지명+역/NNG/*
도안역,1789,3553,5497,NNP,지명,T,도안역,Compound,*,*,도안/NNP/지명+역/NNG/*
도원역,1789,3553,5497,NNP,지명,T,도원역,Compound,*,*,도원/NNP/지명+역/NNG/*
도화역,1789,3553,5497,NNP,지명,T,도화역,Compound,*,*,도화/NNP/지명+역/NNG/*
독립문역,1789,3553,5497,NNP,지명,T,독립문역,Compound,*,*,독립/NNG/*+문/NNG/*+역/NNG/*
독바위역,1789,3553,5497,NNP,지명,T,독바위역,Compound,*,*,독/NNG/*+바위/NNG/*+역/NNG/*
독산역,1789,3553,5497,NNP,지명,T,독산역,Compound,*,*,독산/NNP/지명+역/NNG/*
돌고개역,1789,3553,5497,NNP,지명,T,돌고개역,Compound,*,*,돌/NNG/*+고개/NNG/*+역/NNG/*
돌곶이역,1789,3553,5497,NNP,지명,T,돌곶이역,Compound,*,*,돌/NNG/*+곶이/NNG/*+역/NNG/*
동대구역,1789,3553,5497,NNP,지명,T,동대구역,Compound,*,*,동/NNG/*+대구/NNG/*+역/NNG/*
동대문역,1789,3553,5497,NNP,지명,T,동대문역,Compound,*,*,동대문/NNP/지명+역/NNG/*
동대문역사문화공원역,1789,3553,5497,NNP,지명,T,동대문역사문화공원역,Compound,*,*,동/NNG/*+대문/NNG/*+역사/NNG/*+문화/NNG/*+공원/NNG/*+역/NNG/*
동대신역,1789,3553,5497,NNP,지명,T,동대신역,Compound,*,*,동대신/NNP/지명+역/NNG/*
동대입구역,1789,3553,5497,NNP,지명,T,동대입구역,Compound,*,*,동대/NNP/지명+입구/NNG/장소+역/NNG/*
동두천역,1789,3553,5497,NNP,지명,T,동두천역,Compound,*,*,동두/NNP/지명+천/NNG/*+역/NNG/*
동두천중앙역,1789,3553,5497,NNP,지명,T,동두천중앙역,Compound,*,*,동두/NNP/지명+천/NNG/*+중앙/NNG/*+역/NNG/*
동래역,1789,3553,5497,NNP,지명,T,동래역,Compound,*,*,동래/NNP/지명+역/NNG/*
동량역,1789,3553,5497,NNP,지명,T,동량역,Compound,*,*,동량/NNP/지명+역/NNG/*
동막역,1789,3553,5497,NNP,지명,T,동막역,Compound,*,*,동막/NNP/지명+역/NNG/*
동묘앞역,1789,3553,5497,NNP,지명,T,동묘앞역,Compound,*,*,동묘/NNG/*+앞/NNG/*+역/NNG/*
동방역,1789,3553,5497,NNP,지명,T,동방역,Compound,*,*,동방/NNP/지명+역/NNG/*
동백산역,1789,3553,5497,NNP,지명,T,동백산역,Compound,*,*,동백/NNG/*+산/NNG/*+역/NNG/*
동백역,1789,3553,5497,NNP,지명,T,동백역,Compound,*,*,동백/NNP/지명+역/NNG/*
동부산대학역,1789,3553,5497,NNP,지명,T,동부산대학역,Compound,*,*,동부산/NNP/지명+대학/NNP/지명+역/NNG/*
동산역,1789,3553,5497,NNP,지명,T,동산역,Compound,*,*,동산/NNP/지명+역/NNG/*
동송정역,1789,3553,5497,NNP,지명,T,동송정역,Compound,*,*,동송정/NNP/지명+역/NNG/*
동수역,1789,3553,5497,NNP,지명,T,동수역,Compound,*,*,동수/NNP/지명+역/NNG/*
동암역,1789,3553,5497,NNP,지명,T,동암역,Compound,*,*,동암/NNP/지명+역/NNG/*
동오역,1789,3553,5497,NNP,지명,T,동오역,Compound,*,*,동오/NNP/지명+역/NNG/*
동운역,1789,3553,5497,NNP,지명,T,동운역,Compound,*,*,동운/NNP/지명+역/NNG/*
동원역,1789,3553,5497,NNP,지명,T,동원역,Compound,*,*,동원/NNP/지명+역/NNG/*
동의대역,1789,3553,5497,NNP,지명,T,동의대역,Compound,*,*,동의/NNP/*+대/NNG/*+역/NNG/*
동인천역,1789,3553,5497,NNP,지명,T,동인천역,Compound,*,*,동인천/NNP/지명+역/NNG/*
동작역,1789,3553,5497,NNP,지명,T,동작역,Compound,*,*,동작/NNP/지명+역/NNG/*
동점역,1789,3553,5497,NNP,지명,T,동점역,Compound,*,*,동점/NNP/지명+역/NNG/*
동천역,1789,3553,5497,NNP,지명,T,동천역,Compound,*,*,동천/NNP/지명+역/NNG/*
동촌역,1789,3553,5497,NNP,지명,T,동촌역,Compound,*,*,동촌/NNP/지명+역/NNG/*
동춘역,1789,3553,5497,NNP,지명,T,동춘역,Compound,*,*,동춘/NNP/지명+역/NNG/*
동해역,1789,3553,5497,NNP,지명,T,동해역,Compound,*,*,동해/NNP/지명+역/NNG/*
동화역,1789,3553,5497,NNP,지명,T,동화역,Compound,*,*,동화/NNP/지명+역/NNG/*
두류역,1789,3553,5497,NNP,지명,T,두류역,Compound,*,*,두류/NNP/지명+역/NNG/*
두실역,1789,3553,5497,NNP,지명,T,두실역,Compound,*,*,두실/NNG/*+역/NNG/*
두정역,1789,3553,5497,NNP,지명,T,두정역,Compound,*,*,두정/NNP/지명+역/NNG/*
둔전역,1789,3553,5497,NNP,지명,T,둔전역,Compound,*,*,둔전/NNP/지명+역/NNG/*
둔촌동역,1789,3553,5497,NNP,지명,T,둔촌동역,Compound,*,*,둔촌/NNP/지명+동/NNG/*+역/NNG/*
득량역,1789,3553,5497,NNP,지명,T,득량역,Compound,*,*,득량/NNP/지명+역/NNG/*
등촌역,1789,3553,5497,NNP,지명,T,등촌역,Compound,*,*,등촌/NNP/지명+역/NNG/*
디지털미디어시티역,1789,3553,5497,NNP,지명,T,디지털미디어시티역,Compound,*,*,디지털/NNG/*+미디어/NNG/*+시티/NNG/*+역/NNG/*
뚝섬역,1789,3553,5497,NNP,지명,T,뚝섬역,Compound,*,*,뚝섬/NNP/지명+역/NNG/*
뚝섬유원지역,1789,3553,5497,NNP,지명,T,뚝섬유원지역,Compound,*,*,뚝섬/NNP/지명+유원/NNG/*+지/NNG/*+역/NNG/*
마곡나루역,1789,3553,5497,NNP,지명,T,마곡나루역,Compound,*,*,마곡/NNG/*+나루/NNG/*+역/NNG/*
마곡역,1789,3553,5497,NNP,지명,T,마곡역,Compound,*,*,마곡/NNP/지명+역/NNG/*
마두역,1789,3553,5497,NNP,지명,T,마두역,Compound,*,*,마두/NNP/지명+역/NNG/*
마들역,1789,3553,5497,NNP,지명,T,마들역,Compound,*,*,마들/NNP/*+역/NNG/*
마사역,1789,3553,5497,NNP,지명,T,마사역,Compound,*,*,마사/NNP/지명+역/NNG/*
마산역,1789,3553,5497,NNP,지명,T,마산역,Compound,*,*,마산/NNP/지명+역/NNG/*
마석역,1789,3553,5497,NNP,지명,T,마석역,Compound,*,*,마석/NNP/지명*+역/NNG/*
마장역,1789,3553,5497,NNP,지명,T,마장역,Compound,*,*,마장/NNP/지명+역/NNG/*
마차리역,1789,3553,5497,NNP,지명,T,마차리역,Compound,*,*,마차/NNP/지명+리/NNG/*+역/NNG/*
마천역,1789,3553,5497,NNP,지명,T,마천역,Compound,*,*,마천/NNP/지명+역/NNG/*
마포구청역,1789,3553,5497,NNP,지명,T,마포구청역,Compound,*,*,마포/NNP/지명+구청/NNG/장소+역/NNG/*
마포역,1789,3553,5497,NNP,지명,T,마포역,Compound,*,*,마포/NNP/지명+역/NNG/*
만덕역,1789,3553,5497,NNP,지명,T,만덕역,Compound,*,*,만덕/NNP/지명+역/NNG/*
만성역,1789,3553,5497,NNP,지명,T,만성역,Compound,*,*,만성/NNP/지명+역/NNG/*
만종역,1789,3553,5497,NNP,지명,T,만종역,Compound,*,*,만종/NNP/지명+역/NNG/*
만촌역,1789,3553,5497,NNP,지명,T,만촌역,Compound,*,*,만촌/NNP/지명+역/NNG/*
만평역,1789,3553,5497,NNP,지명,T,만평역,Compound,*,*,만평/NNG/*+역/NNG/*
망미역,1789,3553,5497,NNP,지명,T,망미역,Compound,*,*,망미/NNP/지명+역/NNG/*
망상역,1789,3553,5497,NNP,지명,T,망상역,Compound,*,*,망상/NNP/지명+역/NNG/*
망우역,1789,3553,5497,NNP,지명,T,망우역,Compound,*,*,망우/NNP/지명+역/NNG/*
망원역,1789,3553,5497,NNP,지명,T,망원역,Compound,*,*,망원/NNP/지명+역/NNG/*
망월사역,1789,3553,5497,NNP,지명,T,망월사역,Compound,*,*,망월/NNP/지명+사/NNG/*+역/NNG/*
망포역,1789,3553,5497,NNP,지명,T,망포역,Compound,*,*,망포/NNP/지명+역/NNG/*
매곡역,1789,3553,5497,NNP,지명,T,매곡역,Compound,*,*,매곡/NNP/지명+역/NNG/*
매교역,1789,3553,5497,NNP,지명,T,매교역,Compound,*,*,매교/NNP/지명+역/NNG/*
매봉역,1789,3553,5497,NNP,지명,T,매봉역,Compound,*,*,매봉/NNP/지명+역/NNG/*
매천역,1789,3553,5497,NNP,지명,T,매천역,Compound,*,*,매천/NNP/지명+역/NNG/*
매탄권선역,1789,3553,5497,NNP,지명,T,매탄권선역,Compound,*,*,매탄/NNP/지명+권선/NNP/지명+역/NNG/*
매포역,1789,3553,5497,NNP,지명,T,매포역,Compound,*,*,매포/NNP/지명+역/NNG/*
먹골역,1789,3553,5497,NNP,지명,T,먹골역,Compound,*,*,먹골/NNP/지명+역/NNG/*
면목역,1789,3553,5497,NNP,지명,T,면목역,Compound,*,*,면목/NNP/지명+역/NNG/*
명덕역,1789,3553,5497,NNP,지명,T,명덕역,Compound,*,*,명덕/NNP/지명+역/NNG/*
명동역,1789,3553,5497,NNP,지명,T,명동역,Compound,*,*,명동/NNP/지명+역/NNG/*
명륜역,1789,3553,5497,NNP,지명,T,명륜역,Compound,*,*,명륜/NNP/지명+역/NNG/*
명봉역,1789,3553,5497,NNP,지명,T,명봉역,Compound,*,*,명봉/NNP/지명+역/NNG/*
명일역,1789,3553,5497,NNP,지명,T,명일역,Compound,*,*,명일/NNP/지명+역/NNG/*
명장역,1789,3553,5497,NNP,지명,T,명장역,Compound,*,*,명장/NNP/지명+역/NNG/*
명지대역,1789,3553,5497,NNP,지명,T,명지대역,Compound,*,*,명지/NNG/*+대/NNG/*+역/NNG/*
명학역,1789,3553,5497,NNP,지명,T,명학역,Compound,*,*,명학/NNP/지명+역/NNG/*
모덕역,1789,3553,5497,NNP,지명,T,모덕역,Compound,*,*,모덕/NNP/지명+역/NNG/*
모라역,1789,3553,5497,NNP,지명,T,모라역,Compound,*,*,모라/NNP/지명+역/NNG/*
모란역,1789,3553,5497,NNP,지명,T,모란역,Compound,*,*,모란/NNG/*+역/NNG/*
모량역,1789,3553,5497,NNP,지명,T,모량역,Compound,*,*,모량/NNP/지명+역/NNG/*
모화역,1789,3553,5497,NNP,지명,T,모화역,Compound,*,*,모화/NNP/지명+역/NNG/*
목동역,1789,3553,5497,NNP,지명,T,목동역,Compound,*,*,목동/NNP/지명+역/NNG/*
목포역,1789,3553,5497,NNP,지명,T,목포역,Compound,*,*,목포/NNP/지명+역/NNG/*
목행역,1789,3553,5497,NNP,지명,T,목행역,Compound,*,*,목행/NNP/지명+역/NNG/*
못골역,1789,3553,5497,NNP,지명,T,못골역,Compound,*,*,못골/NNP/지명+역/NNG/*
몽촌토성역,1789,3553,5497,NNP,지명,T,몽촌토성역,Compound,*,*,몽촌/NNP/지명+토성/NNP/지명+역/NNG/*
몽탄역,1789,3553,5497,NNP,지명,T,몽탄역,Compound,*,*,몽탄/NNP/지명+역/NNG/*
무릉역,1789,3553,5497,NNP,지명,T,무릉역,Compound,*,*,무릉/NNP/지명+역/NNG/*
무악재역,1789,3553,5497,NNP,지명,T,무악재역,Compound,*,*,무악/NNG/*+재/NNG/*+역/NNG/*
무안역,1789,3553,5497,NNP,지명,T,무안역,Compound,*,*,무안/NNP/지명+역/NNG/*
묵호역,1789,3553,5497,NNP,지명,T,묵호역,Compound,*,*,묵호/NNP/지명+역/NNG/*
묵호항역,1789,3553,5497,NNP,지명,T,묵호항역,Compound,*,*,묵호/NNP/지명+항/NNG/*+역/NNG/*
문경역,1789,3553,5497,NNP,지명,T,문경역,Compound,*,*,문경/NNP/지명+역/NNG/*
문곡역,1789,3553,5497,NNP,지명,T,문곡역,Compound,*,*,문곡/NNP/지명+역/NNG/*
문단역,1789,3553,5497,NNP,지명,T,문단역,Compound,*,*,문단/NNP/지명+역/NNG/*
문래역,1789,3553,5497,NNP,지명,T,문래역,Compound,*,*,문래/NNP/지명+역/NNG/*
문산역,1789,3553,5497,NNP,지명,T,문산역,Compound,*,*,문산/NNP/지명+역/NNG/*
문수역,1789,3553,5497,NNP,지명,T,문수역,Compound,*,*,문수/NNP/지명+역/NNG/*
문전역,1789,3553,5497,NNP,지명,T,문전역,Compound,*,*,문전/NNG/*+역/NNG/*
문정역,1789,3553,5497,NNP,지명,T,문정역,Compound,*,*,문정/NNP/지명+역/NNG/*
문학경기장역,1789,3553,5497,NNP,지명,T,문학경기장역,Compound,*,*,문학/NNG/*+경기/NNG/*+장/NNG/*+역/NNG/*
문현역,1789,3553,5497,NNP,지명,T,문현역,Compound,*,*,문현/NNP/지명+역/NNG/*
문화전당역,1789,3553,5497,NNP,지명,T,문화전당역,Compound,*,*,문화/NNG/*+전당/NNG/*+역/NNG/*
물금역,1789,3553,5497,NNP,지명,T,물금역,Compound,*,*,물금/NNP/지명+역/NNG/*
물만골역,1789,3553,5497,NNP,지명,T,물만골역,Compound,*,*,물만골/NNP/지명+역/NNG/*
미금역,1789,3553,5497,NNP,지명,T,미금역,Compound,*,*,미금/NNP/지명+역/NNG/*
미남역,1789,3553,5497,NNP,지명,T,미남역,Compound,*,*,미남/NNP/지명+역/NNG/*
미로역,1789,3553,5497,NNP,지명,T,미로역,Compound,*,*,미로/NNP/지명+역/NNG/*
미아사거리역,1789,3553,5497,NNP,지명,T,미아사거리역,Compound,*,*,미아/NNG/*+사/NNG/*+거리/NNG/*+역/NNG/*
미아역,1789,3553,5497,NNP,지명,T,미아역,Compound,*,*,미아/NNP/지명+역/NNG/*
미전역,1789,3553,5497,NNP,지명,T,미전역,Compound,*,*,미전/NNP/지명+역/NNG/*
미평역,1789,3553,5497,NNP,지명,T,미평역,Compound,*,*,미평/NNP/지명+역/NNG/*
민둥산역,1789,3553,5497,NNP,지명,T,민둥산역,Compound,*,*,민둥/NNG/*+산/NNG/*+역/NNG/*
민락역,1789,3553,5497,NNP,지명,T,민락역,Compound,*,*,민락/NNP/지명+역/NNG/*
밀양역,1789,3553,5497,NNP,지명,T,밀양역,Compound,*,*,밀양/NNP/지명+역/NNG/*
박물관역,1789,3553,5497,NNP,지명,T,박물관역,Compound,*,*,박물/NNG/*+관/NNG/*+역/NNG/*
박촌역,1789,3553,5497,NNP,지명,T,박촌역,Compound,*,*,박촌/NNP/지명+역/NNG/*
반고개역,1789,3553,5497,NNP,지명,T,반고개역,Compound,*,*,반고개/NNP/지명+역/NNG/*
반곡역,1789,3553,5497,NNP,지명,T,반곡역,Compound,*,*,반곡/NNP/지명+역/NNG/*
반석역,1789,3553,5497,NNP,지명,T,반석역,Compound,*,*,반석/NNP/지명+역/NNG/*
반성역,1789,3553,5497,NNP,지명,T,반성역,Compound,*,*,반성/NNP/지명+역/NNG/*
반야월역,1789,3553,5497,NNP,지명,T,반야월역,Compound,*,*,반야월/NNP/인명+역/NNG/*
반월당역,1789,3553,5497,NNP,지명,T,반월당역,Compound,*,*,반월당/NNP/*+역/NNG/*
반월역,1789,3553,5497,NNP,지명,T,반월역,Compound,*,*,반월/NNP/지명+역/NNG/*
반포역,1789,3553,5497,NNP,지명,T,반포역,Compound,*,*,반포/NNP/지명+역/NNG/*
발곡역,1789,3553,5497,NNP,지명,T,발곡역,Compound,*,*,발곡/NNP/지명+역/NNG/*
발산역,1789,3553,5497,NNP,지명,T,발산역,Compound,*,*,발산/NNP/지명+역/NNG/*
방배역,1789,3553,5497,NNP,지명,T,방배역,Compound,*,*,방배/NNP/지명+역/NNG/*
방이역,1789,3553,5497,NNP,지명,T,방이역,Compound,*,*,방이/NNP/지명+역/NNG/*
방촌역,1789,3553,5497,NNP,지명,T,방촌역,Compound,*,*,방촌/NNP/지명+역/NNG/*
방학역,1789,3553,5497,NNP,지명,T,방학역,Compound,*,*,방학/NNP/지명+역/NNG/*
방화역,1789,3553,5497,NNP,지명,T,방화역,Compound,*,*,방화/NNP/지명+역/NNG/*
배방역,1789,3553,5497,NNP,지명,T,배방역,Compound,*,*,배방/NNP/지명+역/NNG/*
배산역,1789,3553,5497,NNP,지명,T,배산역,Compound,*,*,배산/NNP/지명+역/NNG/*
백마역,1789,3553,5497,NNP,지명,T,백마역,Compound,*,*,백마/NNG/*+역/NNG/*
백산역,1789,3553,5497,NNP,지명,T,백산역,Compound,*,*,백산/NNP/지명+역/NNG/*
백석역,1789,3553,5497,NNP,지명,T,백석역,Compound,*,*,백석/NNP/지명+역/NNG/*
백양리역,1789,3553,5497,NNP,지명,T,백양리역,Compound,*,*,백양/NNP/지명+리/NNG/*+역/NNG/*
백양사역,1789,3553,5497,NNP,지명,T,백양사역,Compound,*,*,백양/NNG/*+사/NNG/*+역/NNG/*
백운역,1789,3553,5497,NNP,지명,T,백운역,Compound,*,*,백운/NNP/지명+역/NNG/*
버티고개역,1789,3553,5497,NNP,지명,T,버티고개역,Compound,*,*,버티/NNP/지명+고개/NNG/*+역/NNG/*
벌교역,1789,3553,5497,NNP,지명,T,벌교역,Compound,*,*,벌교/NNP/지명+역/NNG/*
범계역,1789,3553,5497,NNP,지명,T,범계역,Compound,*,*,범계/NNP/지명+역/NNG/*
범골역,1789,3553,5497,NNP,지명,T,범골역,Compound,*,*,범골/NNG/*+역/NNG/*
범내골역,1789,3553,5497,NNP,지명,T,범내골역,Compound,*,*,범내골/NNP/지명+역/NNG/*
범물역,1789,3553,5497,NNP,지명,T,범물역,Compound,*,*,범물/NNP/지명+역/NNG/*
범어사역,1789,3553,5497,NNP,지명,T,범어사역,Compound,*,*,범어사/NNP/*+역/NNG/*
범어역,1789,3553,5497,NNP,지명,T,범어역,Compound,*,*,범어/NNP/지명+역/NNG/*
범일역,1789,3553,5497,NNP,지명,T,범일역,Compound,*,*,범일/NNP/지명+역/NNG/*
법전역,1789,3553,5497,NNP,지명,T,법전역,Compound,*,*,법전/NNP/지명+역/NNG/*
벽제역,1789,3553,5497,NNP,지명,T,벽제역,Compound,*,*,벽제/NNP/지명+역/NNG/*
별어곡역,1789,3553,5497,NNP,지명,T,별어곡역,Compound,*,*,별어곡/NNP/지명+역/NNG/*
병점역,1789,3553,5497,NNP,지명,T,병점역,Compound,*,*,병점/NNP/지명+역/NNG/*
보라매역,1789,3553,5497,NNP,지명,T,보라매역,Compound,*,*,보라/NNG/*+매/NNG/*+역/NNG/*
보문역,1789,3553,5497,NNP,지명,T,보문역,Compound,*,*,보문/NNP/지명+역/NNG/*
보산역,1789,3553,5497,NNP,지명,T,보산역,Compound,*,*,보산/NNP/지명+역/NNG/*
보성역,1789,3553,5497,NNP,지명,T,보성역,Compound,*,*,보성/NNP/지명+역/NNG/*
보정역,1789,3553,5497,NNP,지명,T,보정역,Compound,*,*,보정/NNP/지명+역/NNG/*
보천역,1789,3553,5497,NNP,지명,T,보천역,Compound,*,*,보천/NNP/지명+역/NNG/*
보평역,1789,3553,5497,NNP,지명,T,보평역,Compound,*,*,보평/NNP/지명+역/NNG/*
복정역,1789,3553,5497,NNP,지명,T,복정역,Compound,*,*,복정/NNP/지명+역/NNG/*
봉덕역,1789,3553,5497,NNP,지명,T,봉덕역,Compound,*,*,봉덕/NNP/지명+역/NNG/*
봉림역,1789,3553,5497,NNP,지명,T,봉림역,Compound,*,*,봉림/NNP/지명+역/NNG/*
봉명역,1789,3553,5497,NNP,지명,T,봉명역,Compound,*,*,봉명/NNP/지명+역/NNG/*
봉성역,1789,3553,5497,NNP,지명,T,봉성역,Compound,*,*,봉성/NNP/지명+역/NNG/*
봉양역,1789,3553,5497,NNP,지명,T,봉양역,Compound,*,*,봉양/NNP/지명+역/NNG/*
봉정역,1789,3553,5497,NNP,지명,T,봉정역,Compound,*,*,봉정/NNP/지명+역/NNG/*
봉천역,1789,3553,5497,NNP,지명,T,봉천역,Compound,*,*,봉천/NNP/지명+역/NNG/*
봉화산역,1789,3553,5497,NNP,지명,T,봉화산역,Compound,*,*,봉화/NNG/*+산/NNG/*+역/NNG/*
봉화역,1789,3553,5497,NNP,지명,T,봉화역,Compound,*,*,봉화/NNP/지명+역/NNG/*
봉황역,1789,3553,5497,NNP,지명,T,봉황역,Compound,*,*,봉황/NNP/지명+역/NNG/*
부강역,1789,3553,5497,NNP,지명,T,부강역,Compound,*,*,부강/NNP/지명+역/NNG/*
부강화물역,1789,3553,5497,NNP,지명,T,부강화물역,Compound,*,*,부강/NNP/지명+화물/NNG/*+역/NNG/*
부개역,1789,3553,5497,NNP,지명,T,부개역,Compound,*,*,부개/NNP/지명+역/NNG/*
부산대역,1789,3553,5497,NNP,지명,T,부산대역,Compound,*,*,부산/NNG/*+대/NNG/*+역/NNG/*
부산신항역,1789,3553,5497,NNP,지명,T,부산신항역,Compound,*,*,부산/NNP/지명+신항/NNP/지명+역/NNG/*
부산역,1789,3553,5497,NNP,지명,T,부산역,Compound,*,*,부산/NNP/지명+역/NNG/*
부산진역,1789,3553,5497,NNP,지명,T,부산진역,Compound,*,*,부산진/NNP/지명+역/NNG/*
부암역,1789,3553,5497,NNP,지명,T,부암역,Compound,*,*,부암/NNP/지명+역/NNG/*
부용역,1789,3553,5497,NNP,지명,T,부용역,Compound,*,*,부용/NNP/지명+역/NNG/*
부원역,1789,3553,5497,NNP,지명,T,부원역,Compound,*,*,부원/NNP/지명+역/NNG/*
부전역,1789,3553,5497,NNP,지명,T,부전역,Compound,*,*,부전/NNP/지명+역/NNG/*
부조역,1789,3553,5497,NNP,지명,T,부조역,Compound,*,*,부조/NNG/*+역/NNG/*
부천시청역,1789,3553,5497,NNP,지명,T,부천시청역,Compound,*,*,부천/NNP/지명+시청/NNG/*+역/NNG/*
부천역,1789,3553,5497,NNP,지명,T,부천역,Compound,*,*,부천/NNP/지명+역/NNG/*
부평구청역,1789,3553,5497,NNP,지명,T,부평구청역,Compound,*,*,부평/NNP/지명+구청/NNG/장소+역/NNG/*
부평삼거리역,1789,3553,5497,NNP,지명,T,부평삼거리역,Compound,*,*,부평/NNP/지명+삼/NNG/*+거리/NNG/*+역/NNG/*
부평시장역,1789,3553,5497,NNP,지명,T,부평시장역,Compound,*,*,부평/NNP/지명+시장/NNG/*+역/NNG/*
부평역,1789,3553,5497,NNP,지명,T,부평역,Compound,*,*,부평/NNP/지명+역/NNG/*
부황역,1789,3553,5497,NNP,지명,T,부황역,Compound,*,*,부황/NNP/지명+역/NNG/*
북구청역,1789,3553,5497,NNP,지명,T,북구청역,Compound,*,*,북/NNG/*+구청/NNG/장소+역/NNG/*
북송정역,1789,3553,5497,NNP,지명,T,북송정역,Compound,*,*,북송정/NNP/지명+역/NNG/*
북영주역,1789,3553,5497,NNP,지명,T,북영주역,Compound,*,*,북영주/NNP/지명+역/NNG/*
북영천역,1789,3553,5497,NNP,지명,T,북영천역,Compound,*,*,북영천/NNP/지명+역/NNG/*
북전주역,1789,3553,5497,NNP,지명,T,북전주역,Compound,*,*,북전주/NNP/지명+역/NNG/*
북천역,1789,3553,5497,NNP,지명,T,북천역,Compound,*,*,북천/NNP/지명+역/NNG/*
북철송장역,1789,3553,5497,NNP,지명,T,북철송장역,Compound,*,*,북/NNG/*+철/NNG/*+송장/NNG/*+역/NNG/*
분천역,1789,3553,5497,NNP,지명,T,분천역,Compound,*,*,분천/NNP/지명+역/NNG/*
불광역,1789,3553,5497,NNP,지명,T,불광역,Compound,*,*,불광/NNP/지명+역/NNG/*
불국사역,1789,3553,5497,NNP,지명,T,불국사역,Compound,*,*,불국사/NNP/*+역/NNG/*
불암역,1789,3553,5497,NNP,지명,T,불암역,Compound,*,*,불암/NNP/지명+역/NNG/*
비봉역,1789,3553,5497,NNP,지명,T,비봉역,Compound,*,*,비봉/NNP/지명+역/NNG/*
사가정역,1789,3553,5497,NNP,지명,T,사가정역,Compound,*,*,사가정/NNP/인명+역/NNG/*
사곡역,1789,3553,5497,NNP,지명,T,사곡역,Compound,*,*,사곡/NNP/지명+역/NNG/*
사당역,1789,3553,5497,NNP,지명,T,사당역,Compound,*,*,사당/NNP/지명+역/NNG/*
사릉역,1789,3553,5497,NNP,지명,T,사릉역,Compound,*,*,사릉/NNG/*+역/NNG/*
사방역,1789,3553,5497,NNP,지명,T,사방역,Compound,*,*,사방/NNP/지명+역/NNG/*
사북역,1789,3553,5497,NNP,지명,T,사북역,Compound,*,*,사북/NNP/지명+역/NNG/*
사상역,1789,3553,5497,NNP,지명,T,사상역,Compound,*,*,사상/NNP/지명+역/NNG/*
사월역,1789,3553,5497,NNP,지명,T,사월역,Compound,*,*,사월/NNP/지명+역/NNG/*
사직역,1789,3553,5497,NNP,지명,T,사직역,Compound,*,*,사직/NNP/지명+역/NNG/*
사평역,1789,3553,5497,NNP,지명,T,사평역,Compound,*,*,사평/NNP/지명+역/NNG/*
사하역,1789,3553,5497,NNP,지명,T,사하역,Compound,*,*,사하/NNP/지명+역/NNG/*
산본역,1789,3553,5497,NNP,지명,T,산본역,Compound,*,*,산본/NNP/지명+역/NNG/*
산성역,1789,3553,5497,NNP,지명,T,산성역,Compound,*,*,산성/NNP/지명+역/NNG/*
삼가역,1789,3553,5497,NNP,지명,T,삼가역,Compound,*,*,삼가/NNP/지명+역/NNG/*
삼각지역,1789,3553,5515,NNP,지명,T,삼각지역,Compound,*,*,삼각/NNG/*+지/NNG/*+역/NNG/*
삼곡역,1789,3553,5497,NNP,지명,T,삼곡역,Compound,*,*,삼곡/NNP/지명+역/NNG/*
삼랑진역,1789,3553,5497,NNP,지명,T,삼랑진역,Compound,*,*,삼랑/NNP/지명+진/NNG/*+역/NNG/*
삼례역,1789,3553,5497,NNP,지명,T,삼례역,Compound,*,*,삼례/NNP/지명+역/NNG/*
삼릉역,1789,3553,5497,NNP,지명,T,삼릉역,Compound,*,*,삼릉/NNG/*+역/NNG/*
삼산역,1789,3553,5497,NNP,지명,T,삼산역,Compound,*,*,삼산/NNP/지명+역/NNG/*
삼산체육관역,1789,3553,5497,NNP,지명,T,삼산체육관역,Compound,*,*,삼산/NNG/*+체육/NNG/*+관/NNG/*+역/NNG/*
삼성역,1789,3553,5497,NNP,지명,T,삼성역,Compound,*,*,삼성/NNP/지명+역/NNG/*
삼송역,1789,3553,5497,NNP,지명,T,삼송역,Compound,*,*,삼송/NNP/지명+역/NNG/*
삼척역,1789,3553,5497,NNP,지명,T,삼척역,Compound,*,*,삼척/NNP/지명+역/NNG/*
삼척해변역,1789,3553,5497,NNP,지명,T,삼척해변역,Compound,*,*,삼척/NNP/지명+해변/NNG/장소+역/NNG/*
삼탄역,1789,3553,5497,NNP,지명,T,삼탄역,Compound,*,*,삼탄/NNG/*+역/NNG/*
삼화역,1789,3553,5497,NNP,지명,T,삼화역,Compound,*,*,삼화/NNP/지명+역/NNG/*
삽교역,1789,3553,5497,NNP,지명,T,삽교역,Compound,*,*,삽교/NNP/지명+역/NNG/*
상갈역,1789,3553,5497,NNP,지명,T,상갈역,Compound,*,*,상갈/NNP/지명+역/NNG/*
상계역,1789,3553,5497,NNP,지명,T,상계역,Compound,*,*,상계/NNP/지명+역/NNG/*
상도역,1789,3553,5497,NNP,지명,T,상도역,Compound,*,*,상도/NNP/지명+역/NNG/*
상동역,1789,3553,5497,NNP,지명,T,상동역,Compound,*,*,상동/NNP/지명+역/NNG/*
상록수역,1789,3553,5497,NNP,지명,T,상록수역,Compound,*,*,상록/NNG/*+수/NNG/*+역/NNG/*
상무역,1789,3553,5497,NNP,지명,T,상무역,Compound,*,*,상무/NNP/지명+역/NNG/*
상봉역,1789,3553,5497,NNP,지명,T,상봉역,Compound,*,*,상봉/NNP/지명+역/NNG/*
상수역,1789,3553,5497,NNP,지명,T,상수역,Compound,*,*,상수/NNP/지명+역/NNG/*
상왕십리역,1789,3553,5497,NNP,지명,T,상왕십리역,Compound,*,*,상왕십리/NNP/지명+역/NNG/*
상월곡역,1789,3553,5497,NNP,지명,T,상월곡역,Compound,*,*,상월곡/NNP/지명+역/NNG/*
상인역,1789,3553,5497,NNP,지명,T,상인역,Compound,*,*,상인/NNP/지명+역/NNG/*
상일동역,1789,3553,5497,NNP,지명,T,상일동역,Compound,*,*,상일/NNP/지명+동/NNG/*+역/NNG/*
상정역,1789,3553,5497,NNP,지명,T,상정역,Compound,*,*,상정/NNP/지명+역/NNG/*
상주역,1789,3553,5497,NNP,지명,T,상주역,Compound,*,*,상주/NNP/지명+역/NNG/*
상천역,1789,3553,5497,NNP,지명,T,상천역,Compound,*,*,상천/NNP/지명+역/NNG/*
새말역,1789,3553,5497,NNP,지명,T,새말역,Compound,*,*,새말/NNP/지명+역/NNG/*
새절역,1789,3553,5497,NNP,지명,T,새절역,Compound,*,*,새/MM/~명사+절/NNG/*+역/NNG/*
샛강역,1789,3553,5497,NNP,지명,T,샛강역,Compound,*,*,샛강/NNG/*+역/NNG/*
서강대역,1789,3553,5497,NNP,지명,T,서강대역,Compound,*,*,서강/NNP/지명+대/NNG/*+역/NNG/*
서경주역,1789,3553,5497,NNP,지명,T,서경주역,Compound,*,*,서경주/NNP/인명+역/NNG/*
서광주역,1789,3553,5497,NNP,지명,T,서광주역,Compound,*,*,서광주/NNP/인명+역/NNG/*
서대문역,1789,3553,5497,NNP,지명,T,서대문역,Compound,*,*,서대문/NNP/지명+역/NNG/*
서대신역,1789,3553,5497,NNP,지명,T,서대신역,Compound,*,*,서대신/NNP/지명+역/NNG/*
서대전네거리역,1789,3553,5497,NNP,지명,T,서대전네거리역,Compound,*,*,서대전/NNP/지명+네/NNG/*+거리/NNG/*+역/NNG/*
서대전역,1789,3553,5497,NNP,지명,T,서대전역,Compound,*,*,서대전/NNP/지명+역/NNG/*
서도역,1789,3553,5499,NNP,지명,T,서도역,Compound,*,*,서도/NNP/지명+역/NNG/*
서동역,1789,3553,5497,NNP,지명,T,서동역,Compound,*,*,서동/NNP/지명+역/NNG/*
서동탄역,1789,3553,5497,NNP,지명,T,서동탄역,Compound,*,*,서동탄/NNP/지명+역/NNG/*
서면역,1789,3553,5497,NNP,지명,T,서면역,Compound,*,*,서면/NNP/지명+역/NNG/*
서문시장역,1789,3553,5497,NNP,지명,T,서문시장역,Compound,*,*,서문/NNG/*+시장/NNG/*+역/NNG/*
서부산유통지구역,1789,3553,5497,NNP,지명,T,서부산유통지구역,Compound,*,*,서부산/XPN/지명+유통/NNG/*+지구/NNG/*+역/NNG/*
서빙고역,1789,3553,5497,NNP,지명,T,서빙고역,Compound,*,*,서/NNG/*+빙고/NNG/*+역/NNG/*
서생역,1789,3553,5497,NNP,지명,T,서생역,Compound,*,*,서생/NNP/지명+역/NNG/*
서울대입구역,1789,3553,5497,NNP,지명,T,서울대입구역,Compound,*,*,서울/NNG/*+대/NNG/*+입구/NNG/장소+역/NNG/*
서울역,1789,3553,5606,NNP,지명,T,서울역,Compound,*,*,서울/NNP/지명+역/NNG/*
서원주역,1789,3553,5497,NNP,지명,T,서원주역,Compound,*,*,서원주/NNP/지명+역/NNG/*
서정리역,1789,3553,5497,NNP,지명,T,서정리역,Compound,*,*,서정/NNP/지명+리/NNG/*+역/NNG/*
서지역,1789,3553,5497,NNP,지명,T,서지역,Compound,*,*,서지/NNP/지명+역/NNG/*
서창역,1789,3553,5497,NNP,지명,T,서창역,Compound,*,*,서창/NNP/지명+역/NNG/*
서천역,1789,3553,5497,NNP,지명,T,서천역,Compound,*,*,서천/NNP/지명+역/NNG/*
서초역,1789,3553,5497,NNP,지명,T,서초역,Compound,*,*,서초/NNP/지명+역/NNG/*
서현역,1789,3553,5497,NNP,지명,T,서현역,Compound,*,*,서현/NNP/지명+역/NNG/*
석계역,1789,3553,5497,NNP,지명,T,석계역,Compound,*,*,석계/NNP/지명+역/NNG/*
석대역,1789,3553,5497,NNP,지명,T,석대역,Compound,*,*,석대/NNP/지명+역/NNG/*
석불역,1789,3553,5497,NNP,지명,T,석불역,Compound,*,*,석불/NNG/*+역/NNG/*
석수역,1789,3553,5497,NNP,지명,T,석수역,Compound,*,*,석수/NNP/지명+역/NNG/*
석촌역,1789,3553,5497,NNP,지명,T,석촌역,Compound,*,*,석촌/NNP/지명+역/NNG/*
석포역,1789,3553,5497,NNP,지명,T,석포역,Compound,*,*,석포/NNP/지명+역/NNG/*
석항역,1789,3553,5497,NNP,지명,T,석항역,Compound,*,*,석항/NNP/지명+역/NNG/*
선릉역,1789,3553,5497,NNP,지명,T,선릉역,Compound,*,*,선릉/NNG/*+역/NNG/*
선바위역,1789,3553,5497,NNP,지명,T,선바위역,Compound,*,*,선/NNG/*+바위/NNG/*+역/NNG/*
선암역,1789,3553,5497,NNP,지명,T,선암역,Compound,*,*,선암/NNP/지명+역/NNG/*
선유도역,1789,3553,5497,NNP,지명,T,선유도역,Compound,*,*,선유/NNG/*+도/NNG/*+역/NNG/*
선평역,1789,3553,5497,NNP,지명,T,선평역,Compound,*,*,선평/NNP/지명+역/NNG/*
선학역,1789,3553,5497,NNP,지명,T,선학역,Compound,*,*,선학/NNP/지명+역/NNG/*
성균관대역,1789,3553,5497,NNP,지명,T,성균관대역,Compound,*,*,성균관/NNP/*+대/NNG/*+역/NNG/*
성당못역,1789,3553,5497,NNP,지명,T,성당못역,Compound,*,*,성당/NNG/*+못/NNG/*+역/NNG/*
성산역,1789,3553,5497,NNP,지명,T,성산역,Compound,*,*,성산/NNP/지명+역/NNG/*
성서산업단지역,1789,3553,5497,NNP,지명,T,성서산업단지역,Compound,*,*,성서/NNP/지명+산업/NNG/*+단지/NNG/*+역/NNG/*
성수역,1789,3553,5497,NNP,지명,T,성수역,Compound,*,*,성수/NNP/지명+역/NNG/*
성신여대입구역,1789,3553,5497,NNP,지명,T,성신여대입구역,Compound,*,*,성신/NNG/*+여대/NNG/*+입구/NNG/장소+역/NNG/*
성주사역,1789,3553,5497,NNP,지명,T,성주사역,Compound,*,*,성주/NNG/*+사/NNG/*+역/NNG/*
성환역,1789,3553,5497,NNP,지명,T,성환역,Compound,*,*,성환/NNP/지명+역/NNG/*
세류역,1789,3553,5497,NNP,지명,T,세류역,Compound,*,*,세류/NNP/지명+역/NNG/*
세마역,1789,3553,5497,NNP,지명,T,세마역,Compound,*,*,세마/NNG/*+역/NNG/*
세천역,1789,3553,5497,NNP,지명,T,세천역,Compound,*,*,세천/NNP/지명+역/NNG/*
센텀시티역,1789,3553,5497,NNP,지명,T,센텀시티역,Compound,*,*,센텀/NNP/*+시티/NNG/*+역/NNG/*
센트럴파크역,1789,3553,5497,NNP,지명,T,센트럴파크역,Compound,*,*,센트럴/NNP/지명+파크/NNG/*+역/NNG/*
소래포구역,1789,3553,5497,NNP,지명,T,소래포구역,Compound,*,*,소래/NNP/지명+포구/NNG/*+역/NNG/*
소사역,1789,3553,5497,NNP,지명,T,소사역,Compound,*,*,소사/NNP/지명+역/NNG/*
소요산역,1789,3553,5497,NNP,지명,T,소요산역,Compound,*,*,소요/NNG/*+산/NNG/*+역/NNG/*
소이역,1789,3553,5497,NNP,지명,T,소이역,Compound,*,*,소이/NNP/지명+역/NNG/*
소정리역,1789,3553,5497,NNP,지명,T,소정리역,Compound,*,*,소정/NNP/지명+리/NNG/*+역/NNG/*
소태역,1789,3553,5497,NNP,지명,T,소태역,Compound,*,*,소태/NNP/지명+역/NNG/*
솔안역,1789,3553,5497,NNP,지명,T,솔안역,Compound,*,*,솔안/NNP/지명+역/NNG/*
송내역,1789,3553,5497,NNP,지명,T,송내역,Compound,*,*,송내/NNP/지명+역/NNG/*
송도역,1789,3553,5497,NNP,지명,T,송도역,Compound,*,*,송도/NNP/지명+역/NNG/*
송산역,1789,3553,5497,NNP,지명,T,송산역,Compound,*,*,송산/NNP/지명+역/NNG/*
송정공원역,1789,3553,5497,NNP,지명,T,송정공원역,Compound,*,*,송정/NNP/지명+공원/NNG/*+역/NNG/*
송정역,1789,3553,5497,NNP,지명,T,송정역,Compound,*,*,송정/NNP/지명+역/NNG/*
송천역,1789,3553,5497,NNP,지명,T,송천역,Compound,*,*,송천/NNP/지명+역/NNG/*
송추역,1789,3553,5497,NNP,지명,T,송추역,Compound,*,*,송추/NNG/*+역/NNG/*
송탄역,1789,3553,5497,NNP,지명,T,송탄역,Compound,*,*,송탄/NNP/지명+역/NNG/*
송파역,1789,3553,5497,NNP,지명,T,송파역,Compound,*,*,송파/NNP/지명+역/NNG/*
송포역,1789,3553,5497,NNP,지명,T,송포역,Compound,*,*,송포/NNP/지명+역/NNG/*
송학역,1789,3553,5497,NNP,지명,T,송학역,Compound,*,*,송학/NNP/지명+역/NNG/*
송현역,1789,3553,5497,NNP,지명,T,송현역,Compound,*,*,송현/NNP/지명+역/NNG/*
수내역,1789,3553,5497,NNP,지명,T,수내역,Compound,*,*,수내/NNP/지명+역/NNG/*
수락산역,1789,3553,5497,NNP,지명,T,수락산역,Compound,*,*,수락/NNP/지명+산/NNG/*+역/NNG/*
수로왕릉역,1789,3553,5497,NNP,지명,T,수로왕릉역,Compound,*,*,수로/NNG/장소+왕/NNG/*+릉/NNG/*+역/NNG/*
수리산역,1789,3553,5497,NNP,지명,T,수리산역,Compound,*,*,수리/NNP/지명+산/NNG/*+역/NNG/*
수색역,1789,3553,5497,NNP,지명,T,수색역,Compound,*,*,수색/NNP/지명+역/NNG/*
수서역,1789,3553,5497,NNP,지명,T,수서역,Compound,*,*,수서/NNP/지명+역/NNG/*
수성구민운동장입구역,1789,3553,5497,NNP,지명,T,수성구민운동장입구역,Compound,*,*,수성/NNP/지명+구민/NNG/*+운동/NNG/*+장/NNG/*+입구/NNG/장소+역/NNG/*
수성구청역,1789,3553,5497,NNP,지명,T,수성구청역,Compound,*,*,수성/NNP/지명+구청/NNG/장소+역/NNG/*
수성못역,1789,3553,5497,NNP,지명,T,수성못역,Compound,*,*,수성/NNP/지명+못/NNG/*+역/NNG/*
수성시장역,1789,3553,5497,NNP,지명,T,수성시장역,Compound,*,*,수성/NNP/지명+시장/NNG/*+역/NNG/*
수안역,1789,3553,5497,NNP,지명,T,수안역,Compound,*,*,수안/NNP/지명+역/NNG/*
수영역,1789,3553,5497,NNP,지명,T,수영역,Compound,*,*,수영/NNP/지명+역/NNG/*
수원시청역,1789,3553,5497,NNP,지명,T,수원시청역,Compound,*,*,수원/NNP/지명+시청/NNG/*+역/NNG/*
수원역,1789,3553,5497,NNP,지명,T,수원역,Compound,*,*,수원/NNP/지명+역/NNG/*
수유역,1789,3553,5497,NNP,지명,T,수유역,Compound,*,*,수유/NNP/지명+역/NNG/*
수정역,1789,3553,5497,NNP,지명,T,수정역,Compound,*,*,수정/NNP/지명+역/NNG/*
수진역,1789,3553,5497,NNP,지명,T,수진역,Compound,*,*,수진/NNP/지명+역/NNG/*
숙대입구역,1789,3553,5497,NNP,지명,T,숙대입구역,Compound,*,*,숙대/NNP/지명+입구/NNG/장소+역/NNG/*
숙등역,1789,3553,5497,NNP,지명,T,숙등역,Compound,*,*,숙등/NNP/지명+역/NNG/*
순천역,1789,3553,5497,NNP,지명,T,순천역,Compound,*,*,순천/NNP/지명+역/NNG/*
숭실대입구역,1789,3553,5497,NNP,지명,T,숭실대입구역,Compound,*,*,숭실/NNP/*+대/NNG/*+입구/NNG/장소+역/NNG/*
승문역,1789,3553,5497,NNP,지명,T,승문역,Compound,*,*,승문/NNP/지명+역/NNG/*
승부역,1789,3553,5497,NNP,지명,T,승부역,Compound,*,*,승부/NNP/지명+역/NNG/*
시립미술관역,1789,3553,5497,NNP,지명,T,시립미술관역,Compound,*,*,시립/NNG/정적사태+미술/NNG/*+관/NNG/*+역/NNG/*
시청·용인대역,1,1,5497,NNP,지명,*,시청·용인대역,Preanalysis,*,*,시청/NNG/*+·/SC/*+용인/NNP/지명+대/NNG/*+역/NNG/*
시청역,1789,3553,5941,NNP,지명,T,시청역,Compound,*,*,시청/NNG/*+역/NNG/*
시청용인대역,1789,3553,5497,NNP,지명,T,시청용인대역,Compound,*,*,시청/NNG/*+용인/NNP/지명+대/NNG/*+역/NNG/*
신갈역,1789,3553,5497,NNP,지명,T,신갈역,Compound,*,*,신갈/NNP/지명+역/NNG/*
신거역,1789,3553,5497,NNP,지명,T,신거역,Compound,*,*,신거/NNG/*+역/NNG/*
신경주역,1789,3553,5497,NNP,지명,T,신경주역,Compound,*,*,신경주/NNP/인명+역/NNG/*
신광양항역,1789,3553,5497,NNP,지명,T,신광양항역,Compound,*,*,신/NNG/*+광양/NNP/지명+항/NNG/*+역/NNG/*
신금호역,1789,3553,5497,NNP,지명,T,신금호역,Compound,*,*,신금호/NNP/인명+역/NNG/*
신기역,1789,3553,5497,NNP,지명,T,신기역,Compound,*,*,신기/NNP/지명+역/NNG/*
신길역,1789,3553,5497,NNP,지명,T,신길역,Compound,*,*,신길/NNP/지명+역/NNG/*
신길온천역,1789,3553,5497,NNP,지명,T,신길온천역,Compound,*,*,신길/NNP/지명+온천/NNG/*+역/NNG/*
신남역,1789,3553,5497,NNP,지명,T,신남역,Compound,*,*,신남/NNP/지명+역/NNG/*
신내역,1789,3553,5497,NNP,지명,T,신내역,Compound,*,*,신내/NNP/지명+역/NNG/*
신녕역,1789,3553,5497,NNP,지명,T,신녕역,Compound,*,*,신녕/NNP/지명+역/NNG/*
신논현역,1789,3553,5497,NNP,지명,T,신논현역,Compound,*,*,신논현/NNP/지명+역/NNG/*
신답역,1789,3553,5497,NNP,지명,T,신답역,Compound,*,*,신답/NNP/지명+역/NNG/*
신당역,1789,3553,5497,NNP,지명,T,신당역,Compound,*,*,신당/NNP/지명+역/NNG/*
신대방삼거리역,1789,3553,5497,NNP,지명,T,신대방삼거리역,Compound,*,*,신대방/NNP/지명+삼/NNG/*+거리/NNG/*+역/NNG/*
신대방역,1789,3553,5497,NNP,지명,T,신대방역,Compound,*,*,신대방/NNP/지명+역/NNG/*
신도림역,1789,3553,5497,NNP,지명,T,신도림역,Compound,*,*,신도림/NNP/지명+역/NNG/*
신동역,1789,3553,5497,NNP,지명,T,신동역,Compound,*,*,신동/NNP/지명+역/NNG/*
신동화물역,1789,3553,5497,NNP,지명,T,신동화물역,Compound,*,*,신동/NNP/지명+화물/NNG/*+역/NNG/*
신례원역,1789,3553,5497,NNP,지명,T,신례원역,Compound,*,*,신례원/NNP/지명+역/NNG/*
신리역,1789,3553,5497,NNP,지명,T,신리역,Compound,*,*,신리/NNP/지명+역/NNG/*
신림역,1789,3553,5497,NNP,지명,T,신림역,Compound,*,*,신림/NNP/지명+역/NNG/*
신망리역,1789,3553,5497,NNP,지명,T,신망리역,Compound,*,*,신망리/NNP/지명+역/NNG/*
신매역,1789,3553,5497,NNP,지명,T,신매역,Compound,*,*,신매/NNP/지명+역/NNG/*
신목동역,1789,3553,5497,NNP,지명,T,신목동역,Compound,*,*,신목동/NNP/지명+역/NNG/*
신반포역,1789,3553,5497,NNP,지명,T,신반포역,Compound,*,*,신반포/NNP/지명+역/NNG/*
신방화역,1789,3553,5497,NNP,지명,T,신방화역,Compound,*,*,신방화/NNP/지명+역/NNG/*
신사역,1789,3553,5497,NNP,지명,T,신사역,Compound,*,*,신사/NNP/지명+역/NNG/*
신선대역,1789,3553,5497,NNP,지명,T,신선대역,Compound,*,*,신선대/NNP/지명+역/NNG/*
신설동역,1789,3553,5073,NNP,지명,T,신설동역,Compound,*,*,신설/NNP/지명+동/NNG/*+역/NNG/*
신성역,1789,3553,5497,NNP,지명,T,신성역,Compound,*,*,신성/NNP/지명+역/NNG/*
신암역,1789,3553,5497,NNP,지명,T,신암역,Compound,*,*,신암/NNP/지명+역/NNG/*
신연수역,1789,3553,5497,NNP,지명,T,신연수역,Compound,*,*,신연수/NNP/지명+역/NNG/*
신용산역,1789,3553,5497,NNP,지명,T,신용산역,Compound,*,*,신용산/NNP/지명+역/NNG/*
신원역,1789,3553,5497,NNP,지명,T,신원역,Compound,*,*,신원/NNP/지명+역/NNG/*
신이문역,1789,3553,5497,NNP,지명,T,신이문역,Compound,*,*,신이문/NNP/지명+역/NNG/*
신정네거리역,1789,3553,5497,NNP,지명,T,신정네거리역,Compound,*,*,신정/NNP/지명+네/NNG/*+거리/NNP/지명+역/NNG/*
신정역,1789,3553,5497,NNP,지명,T,신정역,Compound,*,*,신정/NNP/지명+역/NNG/*
신중동역,1789,3553,5497,NNP,지명,T,신중동역,Compound,*,*,신중동/NNP/지명+역/NNG/*
신창역,1789,3553,5497,NNP,지명,T,신창역,Compound,*,*,신창/NNP/지명+역/NNG/*
신창원역,1789,3553,5497,NNP,지명,T,신창원역,Compound,*,*,신창원/NNP/인명+역/NNG/*
신천역,1789,3553,5497,NNP,지명,T,신천역,Compound,*,*,신천/NNP/지명+역/NNG/*
신촌역,1789,3553,5497,NNP,지명,T,신촌역,Compound,*,*,신촌/NNP/지명+역/NNG/*
신탄리역,1789,3553,5497,NNP,지명,T,신탄리역,Compound,*,*,신탄/NNP/지명+리/NNG/*+역/NNG/*
신탄진역,1789,3553,5497,NNP,지명,T,신탄진역,Compound,*,*,신탄진/NNP/지명+역/NNG/*
신태인역,1789,3553,5497,NNP,지명,T,신태인역,Compound,*,*,신태인/NNP/지명+역/NNG/*
신평역,1789,3553,5497,NNP,지명,T,신평역,Compound,*,*,신평/NNP/지명+역/NNG/*
신풍역,1789,3553,5497,NNP,지명,T,신풍역,Compound,*,*,신풍/NNP/지명+역/NNG/*
신흥역,1789,3553,5497,NNP,지명,T,신흥역,Compound,*,*,신흥/NNP/지명+역/NNG/*
심천역,1789,3553,5497,NNP,지명,T,심천역,Compound,*,*,심천/NNP/지명+역/NNG/*
쌍룡역,1789,3553,5497,NNP,지명,T,쌍룡역,Compound,*,*,쌍룡/NNP/지명+역/NNG/*
쌍문역,1789,3553,5497,NNP,지명,T,쌍문역,Compound,*,*,쌍문/NNP/지명+역/NNG/*
쌍용역,1789,3553,5497,NNP,지명,T,쌍용역,Compound,*,*,쌍용/NNP/지명+역/NNG/*
쌍촌역,1789,3553,5497,NNP,지명,T,쌍촌역,Compound,*,*,쌍촌/NNP/지명+역/NNG/*
아산역,1789,3553,5497,NNP,지명,T,아산역,Compound,*,*,아산/NNP/지명+역/NNG/*
아신역,1789,3553,5497,NNP,지명,T,아신역,Compound,*,*,아신/NNP/지명+역/NNG/*
아양교역,1789,3553,5497,NNP,지명,T,아양교역,Compound,*,*,아양/NNP/지명+교/NNG/*+역/NNG/*
아우라지역,1789,3553,5497,NNP,지명,T,아우라지역,Compound,*,*,아우라지/NNG/*+역/NNG/*
아중역,1789,3553,5497,NNP,지명,T,아중역,Compound,*,*,아중/NNG/*+역/NNG/*
아차산역,1789,3553,5497,NNP,지명,T,아차산역,Compound,*,*,아차/NNG/*+산/NNG/*+역/NNG/*
아포역,1789,3553,5497,NNP,지명,T,아포역,Compound,*,*,아포/NNP/지명+역/NNG/*
아현역,1789,3553,5497,NNP,지명,T,아현역,Compound,*,*,아현/NNP/지명+역/NNG/*
아화역,1789,3553,5497,NNP,지명,T,아화역,Compound,*,*,아화/NNP/지명+역/NNG/*
안강역,1789,3553,5497,NNP,지명,T,안강역,Compound,*,*,안강/NNP/지명+역/NNG/*
안국역,1789,3553,5497,NNP,지명,T,안국역,Compound,*,*,안국/NNP/지명+역/NNG/*
안동역,1789,3553,5497,NNP,지명,T,안동역,Compound,*,*,안동/NNP/지명+역/NNG/*
안락역,1789,3553,5497,NNP,지명,T,안락역,Compound,*,*,안락/NNP/지명+역/NNG/*
안산역,1789,3553,5497,NNP,지명,T,안산역,Compound,*,*,안산/NNP/지명+역/NNG/*
안심역,1789,3553,5497,NNP,지명,T,안심역,Compound,*,*,안심/NNP/지명+역/NNG/*
안암역,1789,3553,5497,NNP,지명,T,안암역,Compound,*,*,안암/NNP/지명+역/NNG/*
안양역,1789,3553,5497,NNP,지명,T,안양역,Compound,*,*,안양/NNP/지명+역/NNG/*
안인역,1789,3553,5497,NNP,지명,T,안인역,Compound,*,*,안인/NNP/지명+역/NNG/*
안정역,1789,3553,5497,NNP,지명,T,안정역,Compound,*,*,안정/NNP/지명+역/NNG/*
안지랑역,1789,3553,5497,NNP,지명,T,안지랑역,Compound,*,*,안지/NNP/지명+역/NNG/*
안평역,1789,3553,5497,NNP,지명,T,안평역,Compound,*,*,안평/NNP/지명+역/NNG/*
암사역,1789,3553,5497,NNP,지명,T,암사역,Compound,*,*,암사/NNP/지명+역/NNG/*
압구정역,1789,3553,5497,NNP,지명,T,압구정역,Compound,*,*,압구정/NNP/지명+역/NNG/*
압록역,1789,3553,5497,NNP,지명,T,압록역,Compound,*,*,압록/NNP/지명+역/NNG/*
애오개역,1789,3553,5497,NNP,지명,T,애오개역,Compound,*,*,애오개/NNP/지명+역/NNG/*
야탑역,1789,3553,5497,NNP,지명,T,야탑역,Compound,*,*,야탑/NNP/지명+역/NNG/*
약목역,1789,3553,5497,NNP,지명,T,약목역,Compound,*,*,약목/NNP/지명+역/NNG/*
약수역,1789,3553,5497,NNP,지명,T,약수역,Compound,*,*,약수/NNP/지명+역/NNG/*
양동시장역,1789,3553,5497,NNP,지명,T,양동시장역,Compound,*,*,양동/NNP/지명+시장/NNG/*+역/NNG/*
양동역,1789,3553,5497,NNP,지명,T,양동역,Compound,*,*,양동/NNP/지명+역/NNG/*
양보역,1789,3553,5497,NNP,지명,T,양보역,Compound,*,*,양보/NNP/지명+역/NNG/*
양산역,1789,3553,5497,NNP,지명,T,양산역,Compound,*,*,양산/NNP/지명+역/NNG/*
양산화물역,1789,3553,5497,NNP,지명,T,양산화물역,Compound,*,*,양산/NNP/지명+화물/NNG/*+역/NNG/*
양수역,1789,3553,5497,NNP,지명,T,양수역,Compound,*,*,양수/NNP/지명+역/NNG/*
양원역,1789,3553,5497,NNP,지명,T,양원역,Compound,*,*,양원/NNP/지명+역/NNG/*
양자동역,1789,3553,5497,NNP,지명,T,양자동역,Compound,*,*,양자동/NNP/지명+역/NNG/*
양재시민의숲역,1,2,5497,NNP,지명,T,양재시민의숲역,Preanalysis,*,*,양재/NNP/지명+시민/NNG/*+의/JKG/*+숲/NNG/*+역/NNG/*
양재역,1789,3553,6293,NNP,지명,T,양재역,Compound,*,*,양재/NNP/지명+역/NNG/*
양정역,1789,3553,5497,NNP,지명,T,양정역,Compound,*,*,양정/NNP/지명+역/NNG/*
양주역,1789,3553,5497,NNP,지명,T,양주역,Compound,*,*,양주/NNP/지명+역/NNG/*
양천구청역,1789,3553,5497,NNP,지명,T,양천구청역,Compound,*,*,양천/NNP/지명+구청/NNG/장소+역/NNG/*
양천향교역,1789,3553,5497,NNP,지명,T,양천향교역,Compound,*,*,양천/NNP/지명+향교/NNG/*+역/NNG/*
양평역,1789,3553,5497,NNP,지명,T,양평역,Compound,*,*,양평/NNP/지명+역/NNG/*
양학동역,1789,3553,5497,NNP,지명,T,양학동역,Compound,*,*,양학/NNP/지명+동/NNG/*+역/NNG/*
어등역,1789,3553,5497,NNP,지명,T,어등역,Compound,*,*,어등/NNP/지명+역/NNG/*
어룡역,1789,3553,5497,NNP,지명,T,어룡역,Compound,*,*,어룡/NNP/지명+역/NNG/*
어린이대공원역,1789,3553,5497,NNP,지명,T,어린이대공원역,Compound,*,*,어린이/NNG/*+대/NNG/*+공원/NNG/*+역/NNG/*
어린이회관역,1789,3553,5497,NNP,지명,T,어린이회관역,Compound,*,*,어린이/NNG/*+회관/NNG/장소+역/NNG/*
어정역,1789,3553,5497,NNP,지명,T,어정역,Compound,*,*,어정/NNG/*+역/NNG/*
업동역,1789,3553,5497,NNP,지명,T,업동역,Compound,*,*,업동/NNP/지명+역/NNG/*
여수역,1789,3553,5497,NNP,지명,T,여수역,Compound,*,*,여수/NNP/지명+역/NNG/*
여의나루역,1789,3553,5497,NNP,지명,T,여의나루역,Compound,*,*,여의나루/NNP/지명+역/NNG/*
여의도역,1789,3553,5497,NNP,지명,T,여의도역,Compound,*,*,여의도/NNP/지명+역/NNG/*
여천역,1789,3553,5497,NNP,지명,T,여천역,Compound,*,*,여천/NNP/지명+역/NNG/*
역곡역,1789,3553,5497,NNP,지명,T,역곡역,Compound,*,*,역곡/NNP/지명+역/NNG/*
역삼역,1789,3553,5497,NNP,지명,T,역삼역,Compound,*,*,역삼/NNP/지명+역/NNG/*
역촌역,1789,3553,5497,NNP,지명,T,역촌역,Compound,*,*,역촌/NNP/지명+역/NNG/*
연교역,1789,3553,5497,NNP,지명,T,연교역,Compound,*,*,연교/NNP/지명+역/NNG/*
연당역,1789,3553,5497,NNP,지명,T,연당역,Compound,*,*,연당/NNP/지명+역/NNG/*
연무대역,1789,3553,5497,NNP,지명,T,연무대역,Compound,*,*,연무/NNG/*+대/NNG/*+역/NNG/*
연산역,1789,3553,5497,NNP,지명,T,연산역,Compound,*,*,연산/NNP/지명+역/NNG/*
연수역,1789,3553,5497,NNP,지명,T,연수역,Compound,*,*,연수/NNP/지명+역/NNG/*
연신내역,1789,3553,5497,NNP,지명,T,연신내역,Compound,*,*,연신내/NNP/지명+역/NNG/*
연지공원역,1789,3553,5497,NNP,지명,T,연지공원역,Compound,*,*,연지/NNG/*+공원/NNG/*+역/NNG/*
연천역,1789,3553,5497,NNP,지명,T,연천역,Compound,*,*,연천/NNP/지명+역/NNG/*
연하역,1789,3553,5497,NNP,지명,T,연하역,Compound,*,*,연하/NNP/지명+역/NNG/*
연호역,1789,3553,5497,NNP,지명,T,연호역,Compound,*,*,연호/NNP/지명+역/NNG/*
연화역,1789,3553,5497,NNP,지명,T,연화역,Compound,*,*,연화/NNP/지명+역/NNG/*
염창역,1789,3553,5497,NNP,지명,T,염창역,Compound,*,*,염창/NNP/지명+역/NNG/*
영남대역,1789,3553,5497,NNP,지명,T,영남대역,Compound,*,*,영남/NNP/지명+대/NNG/*+역/NNG/*
영대병원역,1789,3553,5497,NNP,지명,T,영대병원역,Compound,*,*,영대/NNP/지명+병원/NNG/*+역/NNG/*
영동역,1789,3553,5497,NNP,지명,T,영동역,Compound,*,*,영동/NNP/지명+역/NNG/*
영등포구청역,1789,3553,5497,NNP,지명,T,영등포구청역,Compound,*,*,영등포/NNP/지명+구청/NNG/장소+역/NNG/*
영등포시장역,1789,3553,5497,NNP,지명,T,영등포시장역,Compound,*,*,영등포/NNP/지명+시장/NNG/*+역/NNG/*
영등포역,1789,3553,5497,NNP,지명,T,영등포역,Compound,*,*,영등포/NNP/지명+역/NNG/*
영산대역,1789,3553,5497,NNP,지명,T,영산대역,Compound,*,*,영산/NNP/지명+대/NNG/*+역/NNG/*
영월역,1789,3553,5497,NNP,지명,T,영월역,Compound,*,*,영월/NNP/지명+역/NNG/*
영주역,1789,3553,5497,NNP,지명,T,영주역,Compound,*,*,영주/NNP/지명+역/NNG/*
영천역,1789,3553,5497,NNP,지명,T,영천역,Compound,*,*,영천/NNP/지명+역/NNG/*
영통역,1789,3553,5497,NNP,지명,T,영통역,Compound,*,*,영통/NNP/지명+역/NNG/*
예당역,1789,3553,5497,NNP,지명,T,예당역,Compound,*,*,예당/NNP/지명+역/NNG/*
예미역,1789,3553,5497,NNP,지명,T,예미역,Compound,*,*,예미/NNP/지명+역/NNG/*
예술회관역,1789,3553,5497,NNP,지명,T,예술회관역,Compound,*,*,예술/NNG/*+회관/NNG/장소+역/NNG/*
예천역,1789,3553,5497,NNP,지명,T,예천역,Compound,*,*,예천/NNP/지명+역/NNG/*
오가역,1789,3553,5497,NNP,지명,T,오가역,Compound,*,*,오가/NNP/지명+역/NNG/*
오근장역,1789,3553,5497,NNP,지명,T,오근장역,Compound,*,*,오근장/NNP/지명+역/NNG/*
오금역,1789,3553,5497,NNP,지명,T,오금역,Compound,*,*,오금/NNP/지명+역/NNG/*
오룡역,1789,3553,5497,NNP,지명,T,오룡역,Compound,*,*,오룡/NNP/지명+역/NNG/*
오류동역,1789,3553,5497,NNP,지명,T,오류동역,Compound,*,*,오류/NNP/지명+동/NNG/*+역/NNG/*
오리역,1789,3553,5497,NNP,지명,T,오리역,Compound,*,*,오리/NNP/지명+역/NNG/*
오목교역,1789,3553,5497,NNP,지명,T,오목교역,Compound,*,*,오목교/NNP/지명+역/NNG/*
오봉역,1789,3553,5497,NNP,지명,T,오봉역,Compound,*,*,오봉/NNP/지명+역/NNG/*
오산대역,1789,3553,5497,NNP,지명,T,오산대역,Compound,*,*,오/NR/*+산대/NNP/지명+역/NNG/*
오산리역,1789,3553,5497,NNP,지명,T,오산리역,Compound,*,*,오산/NNP/지명+리/NNG/*+역/NNG/*
오산역,1789,3553,5497,NNP,지명,T,오산역,Compound,*,*,오산/NNP/지명+역/NNG/*
오송역,1789,3553,5497,NNP,지명,T,오송역,Compound,*,*,오송/NNP/지명+역/NNG/*
오수역,1789,3553,5497,NNP,지명,T,오수역,Compound,*,*,오수/NNP/지명+역/NNG/*
오이도역,1789,3553,5497,NNP,지명,T,오이도역,Compound,*,*,오이도/NNP/지명+역/NNG/*
옥계역,1789,3553,5497,NNP,지명,T,옥계역,Compound,*,*,옥계/NNP/지명+역/NNG/*
옥곡역,1789,3553,5497,NNP,지명,T,옥곡역,Compound,*,*,옥곡/NNP/지명+역/NNG/*
옥구역,1789,3553,5497,NNP,지명,T,옥구역,Compound,*,*,옥구/NNP/지명+역/NNG/*
옥산역,1789,3553,5497,NNP,지명,T,옥산역,Compound,*,*,옥산/NNP/지명+역/NNG/*
옥수역,1789,3553,5497,NNP,지명,T,옥수역,Compound,*,*,옥수/NNP/지명+역/NNG/*
옥천역,1789,3553,5497,NNP,지명,T,옥천역,Compound,*,*,옥천/NNP/지명+역/NNG/*
온릉역,1789,3553,5497,NNP,지명,T,온릉역,Compound,*,*,온릉/NNG/*+역/NNG/*
온산역,1789,3553,5497,NNP,지명,T,온산역,Compound,*,*,온산/NNP/지명+역/NNG/*
온수역,1789,3553,5497,NNP,지명,T,온수역,Compound,*,*,온수/NNP/지명+역/NNG/*
온양온천역,1789,3553,5497,NNP,지명,T,온양온천역,Compound,*,*,온양/NNP/지명+온천/NNG/*+역/NNG/*
온천장역,1789,3553,5497,NNP,지명,T,온천장역,Compound,*,*,온천/NNG/*+장/NNG/*+역/NNG/*
올림픽공원역,1789,3553,5497,NNP,지명,T,올림픽공원역,Compound,*,*,올림픽/NNP/*+공원/NNG/*+역/NNG/*
옹정역,1789,3553,5497,NNP,지명,T,옹정역,Compound,*,*,옹정/NNP/지명+역/NNG/*
옹천역,1789,3553,5497,NNP,지명,T,옹천역,Compound,*,*,옹천/NNP/지명+역/NNG/*
와룡역,1789,3553,5497,NNP,지명,T,와룡역,Compound,*,*,와룡/NNP/지명+역/NNG/*
완사역,1789,3553,5497,NNP,지명,T,완사역,Compound,*,*,완사/NNG/*+역/NNG/*
왕십리역,1789,3553,5497,NNP,지명,T,왕십리역,Compound,*,*,왕십리/NNP/지명+역/NNG/*
왜관역,1789,3553,5497,NNP,지명,T,왜관역,Compound,*,*,왜관/NNP/지명+역/NNG/*
외대앞역,1789,3553,5497,NNP,지명,T,외대앞역,Compound,*,*,외대/NNG/*+앞/NNG/*+역/NNG/*
용계역,1789,3553,5497,NNP,지명,T,용계역,Compound,*,*,용계/NNP/지명+역/NNG/*
용궁역,1789,3553,5497,NNP,지명,T,용궁역,Compound,*,*,용궁/NNP/지명+역/NNG/*
용답역,1789,3553,5497,NNP,지명,T,용답역,Compound,*,*,용답/NNP/지명+역/NNG/*
용동역,1789,3553,5497,NNP,지명,T,용동역,Compound,*,*,용동/NNP/지명+역/NNG/*
용두역,1789,3553,5497,NNP,지명,T,용두역,Compound,*,*,용두/NNP/지명+역/NNG/*
용마산역,1789,3553,5497,NNP,지명,T,용마산역,Compound,*,*,용마/NNP/지명+산/NNG/*+역/NNG/*
용문역,1789,3553,5497,NNP,지명,T,용문역,Compound,*,*,용문/NNP/지명+역/NNG/*
용산역,1789,3553,5497,NNP,지명,T,용산역,Compound,*,*,용산/NNP/지명+역/NNG/*
용지역,1789,3553,5497,NNP,지명,T,용지역,Compound,*,*,용지/NNP/지명+역/NNG/*
우보역,1789,3553,5497,NNP,지명,T,우보역,Compound,*,*,우보/NNP/지명+역/NNG/*
우암역,1789,3553,5497,NNP,지명,T,우암역,Compound,*,*,우암/NNP/지명+역/NNG/*
우일역,1789,3553,5497,NNP,지명,T,우일역,Compound,*,*,우일/NNP/지명+역/NNG/*
우장산역,1789,3553,5497,NNP,지명,T,우장산역,Compound,*,*,우장/NNP/지명+산/NNG/*+역/NNG/*
운길산역,1789,3553,5497,NNP,지명,T,운길산역,Compound,*,*,운길/NNG/*+산/NNG/*+역/NNG/*
운동장·송담대역,1,1,5497,NNP,지명,*,운동장·송담대역,Preanalysis,*,*,운동/NNG/*+장/NNG/*+·/SC/*+송담/NNP/지명+대/NNG/*+역/NNG/*
운동장송담대역,1789,3551,5497,NNP,지명,*,운동장·송담대역,Compound,*,*,운동/NNG/*+장/NNG/*+송담/NNP/지명+대/NNG/*+역/NNG/*
운산역,1789,3553,5497,NNP,지명,T,운산역,Compound,*,*,운산/NNP/지명+역/NNG/*
운서역,1789,3553,5497,NNP,지명,T,운서역,Compound,*,*,운서/NNP/지명+역/NNG/*
운정역,1789,3553,5497,NNP,지명,T,운정역,Compound,*,*,운정/NNP/지명+역/NNG/*
운천역,1789,3553,5497,NNP,지명,T,운천역,Compound,*,*,운천/NNP/지명+역/NNG/*
울산역,1789,3553,5497,NNP,지명,T,울산역,Compound,*,*,울산/NNP/지명+역/NNG/*
울산항역,1789,3553,5497,NNP,지명,T,울산항역,Compound,*,*,울산/NNP/지명+항/NNG/*+역/NNG/*
웅천역,1789,3553,5497,NNP,지명,T,웅천역,Compound,*,*,웅천/NNP/지명+역/NNG/*
원당역,1789,3553,5497,NNP,지명,T,원당역,Compound,*,*,원당/NNP/지명+역/NNG/*
원대역,1789,3553,5497,NNP,지명,T,원대역,Compound,*,*,원대/NNP/지명+역/NNG/*
원덕역,1789,3553,5497,NNP,지명,T,원덕역,Compound,*,*,원덕/NNP/지명+역/NNG/*
원동역,1789,3553,5497,NNP,지명,T,원동역,Compound,*,*,원동/NNP/지명+역/NNG/*
원릉역,1789,3553,5497,NNP,지명,T,원릉역,Compound,*,*,원릉/NNG/*+역/NNG/*
원인재역,1789,3553,5497,NNP,지명,T,원인재역,Compound,*,*,원인재/NNP/인명+역/NNG/*
원주역,1789,3553,5497,NNP,지명,T,원주역,Compound,*,*,원주/NNP/지명+역/NNG/*
원죽역,1789,3553,5497,NNP,지명,T,원죽역,Compound,*,*,원죽/NNG/*+역/NNG/*
원창역,1789,3553,5497,NNP,지명,T,원창역,Compound,*,*,원창/NNP/지명+역/NNG/*
월계역,1789,3553,5497,NNP,지명,T,월계역,Compound,*,*,월계/NNP/지명+역/NNG/*
월곡역,1789,3553,5497,NNP,지명,T,월곡역,Compound,*,*,월곡/NNP/지명+역/NNG/*
월곶역,1789,3553,5497,NNP,지명,T,월곶역,Compound,*,*,월곶/NNP/지명+역/NNG/*
월내역,1789,3553,5497,NNP,지명,T,월내역,Compound,*,*,월내/NNP/지명+역/NNG/*
월드컵경기장역,1789,3553,5497,NNP,지명,T,월드컵경기장역,Compound,*,*,월드/NNG/*+컵/NNG/*+경기/NNG/*+장/NNG/*+역/NNG/*
월롱역,1789,3553,5497,NNP,지명,T,월롱역,Compound,*,*,월롱/NNP/지명+역/NNG/*
월배역,1789,3553,5497,NNP,지명,T,월배역,Compound,*,*,월배/NNP/지명+역/NNG/*
월촌역,1789,3553,5497,NNP,지명,T,월촌역,Compound,*,*,월촌/NNP/지명+역/NNG/*
월평역,1789,3553,5497,NNP,지명,T,월평역,Compound,*,*,월평/NNP/지명+역/NNG/*
유교역,1789,3553,5497,NNP,지명,T,유교역,Compound,*,*,유교/NNP/지명+역/NNG/*
유성온천역,1789,3553,5497,NNP,지명,T,유성온천역,Compound,*,*,유성/NNP/지명+온천/NNP/지명+역/NNG/*
유수역,1789,3553,5497,NNP,지명,T,유수역,Compound,*,*,유수/NNP/지명+역/NNG/*
율동역,1789,3553,5497,NNP,지명,T,율동역,Compound,*,*,율동/NNP/지명+역/NNG/*
율리역,1789,3553,5497,NNP,지명,T,율리역,Compound,*,*,율리/NNP/지명+역/NNG/*
율촌역,1789,3553,5497,NNP,지명,T,율촌역,Compound,*,*,율촌/NNP/지명+역/NNG/*
율하역,1789,3553,5497,NNP,지명,T,율하역,Compound,*,*,율하/NNP/지명+역/NNG/*
을지로3가역,1789,3551,5497,NNP,지명,*,을지로3가역,Compound,*,*,을지로/NNP/지명+3/SN/*+가/XSN/*+역/NNG/*
을지로4가역,1789,3551,5497,NNP,지명,*,을지로4가역,Compound,*,*,을지로/NNP/지명+4/SN/*+가/XSN/*+역/NNG/*
을지로입구역,1789,3553,5497,NNP,지명,T,을지로입구역,Compound,*,*,을지로/NNP/지명+입구/NNG/장소+역/NNG/*
음성역,1789,3553,5497,NNP,지명,T,음성역,Compound,*,*,음성/NNP/지명+역/NNG/*
응봉역,1789,3553,5497,NNP,지명,T,응봉역,Compound,*,*,응봉/NNP/지명+역/NNG/*
응암역,1789,3553,5497,NNP,지명,T,응암역,Compound,*,*,응암/NNP/지명+역/NNG/*
의성역,1789,3553,5497,NNP,지명,T,의성역,Compound,*,*,의성/NNP/지명+역/NNG/*
의왕역,1789,3553,5497,NNP,지명,T,의왕역,Compound,*,*,의왕/NNP/지명+역/NNG/*
의정부시청역,1789,3553,5497,NNP,지명,T,의정부시청역,Compound,*,*,의정부/NNP/지명+시청/NNG/*+역/NNG/*
의정부역,1789,3553,5497,NNP,지명,T,의정부역,Compound,*,*,의정부/NNP/지명+역/NNG/*
의정부중앙역,1789,3553,5497,NNP,지명,T,의정부중앙역,Compound,*,*,의정부/NNP/지명+중앙/NNP/지명+역/NNG/*
이곡역,1789,3553,5497,NNP,지명,T,이곡역,Compound,*,*,이곡/NNP/지명+역/NNG/*
이대역,1789,3553,5497,NNP,지명,T,이대역,Compound,*,*,이대/NNG/*+역/NNG/*
이매역,1789,3553,5497,NNP,지명,T,이매역,Compound,*,*,이매/NNP/지명+역/NNG/*
이수역,1789,3553,5497,NNP,지명,T,이수역,Compound,*,*,이수/NNG/*+역/NNG/*
이양역,1789,3553,5497,NNP,지명,T,이양역,Compound,*,*,이양/NNP/지명+역/NNG/*
이원역,1789,3553,5497,NNP,지명,T,이원역,Compound,*,*,이원/NNP/지명+역/NNG/*
이촌역,1789,3553,5497,NNP,지명,T,이촌역,Compound,*,*,이촌/NNP/지명+역/NNG/*
이태원역,1789,3553,5497,NNP,지명,T,이태원역,Compound,*,*,이태원/NNP/지명+역/NNG/*
이하역,1789,3553,5497,NNP,지명,T,이하역,Compound,*,*,이하/NNP/지명+역/NNG/*
익산역,1789,3553,5497,NNP,지명,T,익산역,Compound,*,*,익산/NNP/지명+역/NNG/*
인덕원역,1789,3553,5497,NNP,지명,T,인덕원역,Compound,*,*,인덕원/NNP/지명+역/NNG/*
인제대역,1789,3553,5497,NNP,지명,T,인제대역,Compound,*,*,인제/NNP/지명+대/NNG/*+역/NNG/*
인천국제공항역,1789,3553,5497,NNP,지명,T,인천국제공항역,Compound,*,*,인천/NNP/지명+국제/NNG/*+공항/NNG/*+역/NNG/*
인천논현역,1789,3553,5497,NNP,지명,T,인천논현역,Compound,*,*,인천/NNP/지명+논현/NNP/지명+역/NNG/*
인천대입구역,1789,3553,5497,NNP,지명,T,인천대입구역,Compound,*,*,인천/NNP/지명+대/NNG/*+입구/NNG/장소+역/NNG/*
인천시청역,1789,3553,5497,NNP,지명,T,인천시청역,Compound,*,*,인천/NNP/지명+시청/NNG/*+역/NNG/*
인천역,1789,3553,5497,NNP,지명,T,인천역,Compound,*,*,인천/NNP/지명+역/NNG/*
인천터미널역,1789,3553,5497,NNP,지명,T,인천터미널역,Compound,*,*,인천/NNP/지명+터미널/NNG/*+역/NNG/*
일광역,1789,3553,5497,NNP,지명,T,일광역,Compound,*,*,일광/NNP/지명+역/NNG/*
일로역,1789,3553,5497,NNP,지명,T,일로역,Compound,*,*,일/NNP/지명+역/NNG/*
일산역,1789,3553,5497,NNP,지명,T,일산역,Compound,*,*,일산/NNP/지명+역/NNG/*
일신역,1789,3553,5497,NNP,지명,T,일신역,Compound,*,*,일신/NNP/지명+역/NNG/*
일영역,1789,3553,5497,NNP,지명,T,일영역,Compound,*,*,일영/NNP/지명+역/NNG/*
일원역,1789,3553,5497,NNP,지명,T,일원역,Compound,*,*,일원/NNP/지명+역/NNG/*
임곡역,1789,3553,5497,NNP,지명,T,임곡역,Compound,*,*,임곡/NNP/지명+역/NNG/*
임기역,1789,3553,5497,NNP,지명,T,임기역,Compound,*,*,임기/NNP/지명+역/NNG/*
임당역,1789,3553,5497,NNP,지명,T,임당역,Compound,*,*,임당/NNP/지명+역/NNG/*
임성리역,1789,3553,5497,NNP,지명,T,임성리역,Compound,*,*,임성/NNP/지명+리/NNG/*+역/NNG/*
임실역,1789,3553,5497,NNP,지명,T,임실역,Compound,*,*,임실/NNP/지명+역/NNG/*
임진강역,1789,3553,5497,NNP,지명,T,임진강역,Compound,*,*,임진/NNG/*+강/NNG/*+역/NNG/*
임포역,1789,3553,5497,NNP,지명,T,임포역,Compound,*,*,임포/NNP/지명+역/NNG/*
임피역,1789,3553,5497,NNP,지명,T,임피역,Compound,*,*,임피/NNP/지명+역/NNG/*
임학역,1789,3553,5497,NNP,지명,T,임학역,Compound,*,*,임학/NNP/지명+역/NNG/*
입석리역,1789,3553,5497,NNP,지명,T,입석리역,Compound,*,*,입석/NNP/지명+리/NNG/*+역/NNG/*
입실역,1789,3553,5497,NNP,지명,T,입실역,Compound,*,*,입실/NNP/지명+역/NNG/*
자갈치역,1789,3553,5497,NNP,지명,T,자갈치역,Compound,*,*,자갈치/NNP/지명+역/NNG/*
자미원역,1789,3553,5497,NNP,지명,T,자미원역,Compound,*,*,자미/NNG/*+원/NNG/*+역/NNG/*
작전역,1789,3553,5497,NNP,지명,T,작전역,Compound,*,*,작전/NNP/지명+역/NNG/*
잠실나루역,1789,3553,5497,NNP,지명,T,잠실나루역,Compound,*,*,잠실/NNP/지명+나루/NNG/*+역/NNG/*
잠실역,1789,3553,5497,NNP,지명,T,잠실역,Compound,*,*,잠실/NNP/지명+역/NNG/*
잠원역,1789,3553,5497,NNP,지명,T,잠원역,Compound,*,*,잠원/NNP/지명+역/NNG/*
장락역,1789,3553,5497,NNP,지명,T,장락역,Compound,*,*,장락/NNP/지명+역/NNG/*
장산역,1789,3553,5497,NNP,지명,T,장산역,Compound,*,*,장산/NNP/지명+역/NNG/*
장생포역,1789,3553,5497,NNP,지명,T,장생포역,Compound,*,*,장생/NNG/*+포/NNG/*+역/NNG/*
장성역,1789,3553,5497,NNP,지명,T,장성역,Compound,*,*,장성/NNP/지명+역/NNG/*
장성화물역,1789,3553,5497,NNP,지명,T,장성화물역,Compound,*,*,장성/NNG/*+화물/NNG/*+역/NNG/*
장승배기역,1789,3553,5497,NNP,지명,T,장승배기역,Compound,*,*,장승/NNG/*+배기/XSN/*+역/NNG/*
장신대역,1789,3553,5497,NNP,지명,T,장신대역,Compound,*,*,장신/NNP/*+대/NNG/*+역/NNG/*
장암역,1789,3553,5497,NNP,지명,T,장암역,Compound,*,*,장암/NNP/지명+역/NNG/*
장유역,1789,3553,5497,NNP,지명,T,장유역,Compound,*,*,장유/NNP/지명+역/NNG/*
장전역,1789,3553,5497,NNP,지명,T,장전역,Compound,*,*,장전/NNP/지명+역/NNG/*
장지역,1789,3553,5497,NNP,지명,T,장지역,Compound,*,*,장지/NNP/지명+역/NNG/*
장한평역,1789,3553,5497,NNP,지명,T,장한평역,Compound,*,*,장한평/NNP/지명+역/NNG/*
장항역,1789,3553,5497,NNP,지명,T,장항역,Compound,*,*,장항/NNP/지명+역/NNG/*
장항화물역,1789,3553,5497,NNP,지명,T,장항화물역,Compound,*,*,장항/NNP/지명+화물/NNG/*+역/NNG/*
장흥역,1789,3553,5497,NNP,지명,T,장흥역,Compound,*,*,장흥/NNP/지명+역/NNG/*
재송역,1789,3553,5497,NNP,지명,T,재송역,Compound,*,*,재송/NNP/지명+역/NNG/*
적량역,1789,3553,5497,NNP,지명,T,적량역,Compound,*,*,적량/NNP/지명+역/NNG/*
전곡역,1789,3553,5497,NNP,지명,T,전곡역,Compound,*,*,전곡/NNP/지명+역/NNG/*
전대·에버랜드역,1,1,5497,NNP,지명,*,전대·에버랜드역,Preanalysis,*,*,전대/NNG/*+·/SC/*+에버랜드/NNP/지명+역/NNG/*
전대에버랜드역,1789,3553,5497,NNP,지명,T,전대에버랜드역,Compound,*,*,전대/NNG/*+에버랜드/NNP/지명+역/NNG/*
전동역,1789,3553,5497,NNP,지명,T,전동역,Compound,*,*,전동/NNP/지명+역/NNG/*
전의역,1789,3553,5497,NNP,지명,T,전의역,Compound,*,*,전의/NNP/지명+역/NNG/*
전주역,1789,3553,5497,NNP,지명,T,전주역,Compound,*,*,전주/NNP/지명+역/NNG/*
전포역,1789,3553,5497,NNP,지명,T,전포역,Compound,*,*,전포/NNP/지명+역/NNG/*
점촌역,1789,3553,5497,NNP,지명,T,점촌역,Compound,*,*,점촌/NNP/지명+역/NNG/*
정동진역,1789,3553,5497,NNP,지명,T,정동진역,Compound,*,*,정동진/NNP/지명+역/NNG/*
정발산역,1789,3553,5497,NNP,지명,T,정발산역,Compound,*,*,정발/NNG/*+산/NNG/*+역/NNG/*
정부과천청사역,1789,3553,5497,NNP,지명,T,정부과천청사역,Compound,*,*,정부/NNG/*+과천/NNP/지명+청사/NNG/*+역/NNG/*
정부청사역,1789,3553,5497,NNP,지명,T,정부청사역,Compound,*,*,정부/NNG/*+청사/NNG/*+역/NNG/*
정선역,1789,3553,5497,NNP,지명,T,정선역,Compound,*,*,정선/NNP/지명+역/NNG/*
정왕역,1789,3553,5497,NNP,지명,T,정왕역,Compound,*,*,정왕/NNP/지명+역/NNG/*
정읍역,1789,3553,5497,NNP,지명,T,정읍역,Compound,*,*,정읍/NNP/지명+역/NNG/*
정자역,1789,3553,5497,NNP,지명,T,정자역,Compound,*,*,정자/NNP/지명+역/NNG/*
정평역,1789,3553,5497,NNP,지명,T,정평역,Compound,*,*,정평/NNP/지명+역/NNG/*
제기동역,1789,3553,5497,NNP,지명,T,제기동역,Compound,*,*,제기/NNP/지명+동/NNG/*+역/NNG/*
제물포역,1789,3553,5497,NNP,지명,T,제물포역,Compound,*,*,제물포/NNP/지명+역/NNG/*
제천역,1789,3553,5497,NNP,지명,T,제천역,Compound,*,*,제천/NNP/지명+역/NNG/*
제천조차장역,1789,3553,5497,NNP,지명,T,제천조차장역,Compound,*,*,제천/NNP/지명+조차/NNG/*+장/NNG/*+역/NNG/*
조동역,1789,3553,5497,NNP,지명,T,조동역,Compound,*,*,조동/NNP/지명+역/NNG/*
조성역,1789,3553,5497,NNP,지명,T,조성역,Compound,*,*,조성/NNP/지명+역/NNG/*
조치원역,1789,3553,5497,NNP,지명,T,조치원역,Compound,*,*,조치/NNG/행위+원/NNG/*+역/NNG/*
종각역,1789,3553,5497,NNP,지명,T,종각역,Compound,*,*,종각/NNG/*+역/NNG/*
종로3가역,1789,3551,5497,NNP,지명,*,종로3가역,Compound,*,*,종로/NNP/지명+3/SN/*+가/XSN/*+역/NNG/*
종로5가역,1789,3551,5497,NNP,지명,*,종로5가역,Compound,*,*,종로/NNP/지명+5/SN/*+가/XSN/*+역/NNG/*
종합운동장역,1789,3553,5497,NNP,지명,T,종합운동장역,Compound,*,*,종합/NNG/행위+운동/NNG/*+장/NNG/*+역/NNG/*
좌천역,1789,3553,5497,NNP,지명,T,좌천역,Compound,*,*,좌천/NNP/지명+역/NNG/*
주례역,1789,3553,5497,NNP,지명,T,주례역,Compound,*,*,주례/NNP/지명+역/NNG/*
주산역,1789,3553,5497,NNP,지명,T,주산역,Compound,*,*,주산/NNP/지명+역/NNG/*
주생역,1789,3553,5497,NNP,지명,T,주생역,Compound,*,*,주생/NNP/지명+역/NNG/*
주안역,1789,3553,5497,NNP,지명,T,주안역,Compound,*,*,주안/NNP/지명+역/NNG/*
주엽역,1789,3553,5497,NNP,지명,T,주엽역,Compound,*,*,주엽/NNP/지명+역/NNG/*
주평역,1789,3553,5497,NNP,지명,T,주평역,Compound,*,*,주평/NNP/지명+역/NNG/*
주포역,1789,3553,5497,NNP,지명,T,주포역,Compound,*,*,주포/NNP/지명+역/NNG/*
죽동역,1789,3553,5497,NNP,지명,T,죽동역,Compound,*,*,죽동/NNP/지명+역/NNG/*
죽령역,1789,3553,5497,NNP,지명,T,죽령역,Compound,*,*,죽령/NNP/지명+역/NNG/*
죽림온천역,1789,3553,5497,NNP,지명,T,죽림온천역,Compound,*,*,죽림/NNG/*+온천/NNG/*+역/NNG/*
죽전역,1789,3553,5497,NNP,지명,T,죽전역,Compound,*,*,죽전/NNP/지명+역/NNG/*
중계역,1789,3553,5497,NNP,지명,T,중계역,Compound,*,*,중계/NNP/지명+역/NNG/*
중곡역,1789,3553,5497,NNP,지명,T,중곡역,Compound,*,*,중곡/NNP/지명+역/NNG/*
중구청역,1789,3553,5497,NNP,지명,T,중구청역,Compound,*,*,중/NNG/*+구청/NNG/장소+역/NNG/*
중동역,1789,3553,5497,NNP,지명,T,중동역,Compound,*,*,중동/NNP/지명+역/NNG/*
중랑역,1789,3553,5497,NNP,지명,T,중랑역,Compound,*,*,중랑/NNP/지명+역/NNG/*
중리역,1789,3553,5497,NNP,지명,T,중리역,Compound,*,*,중리/NNP/지명+역/NNG/*
중앙로역,1789,3553,5497,NNP,지명,T,중앙로역,Compound,*,*,중앙/NNG/*+로/NNG/*+역/NNG/*
중앙역,1789,3553,6439,NNP,지명,T,중앙역,Compound,*,*,중앙/NNP/지명+역/NNG/*
중화역,1789,3553,5497,NNP,지명,T,중화역,Compound,*,*,중화/NNP/지명+역/NNG/*
증미역,1789,3553,5497,NNP,지명,T,증미역,Compound,*,*,증미/NNG/*+역/NNG/*
증산역,1789,3553,5497,NNP,지명,T,증산역,Compound,*,*,증산/NNP/지명+역/NNG/*
증평역,1789,3553,5497,NNP,지명,T,증평역,Compound,*,*,증평/NNP/지명+역/NNG/*
지게골역,1789,3553,5497,NNP,지명,T,지게골역,Compound,*,*,지게/NNG/*+골/NNG/*+역/NNG/*
지내역,1789,3553,5497,NNP,지명,T,지내역,Compound,*,*,지내/NNP/지명+역/NNG/*
지산역,1789,3553,5497,NNP,지명,T,지산역,Compound,*,*,지산/NNP/지명+역/NNG/*
지석역,1789,3553,5497,NNP,지명,T,지석역,Compound,*,*,지석/NNP/지명+역/NNG/*
지식정보단지역,1789,3553,5497,NNP,지명,T,지식정보단지역,Compound,*,*,지식/NNG/*+정보/NNG/*+단지/NNG/*+역/NNG/*
지제역,1789,3553,5497,NNP,지명,T,지제역,Compound,*,*,지제/NNP/지명+역/NNG/*
지족역,1789,3553,5497,NNP,지명,T,지족역,Compound,*,*,지족/NNP/지명+역/NNG/*
지천역,1789,3553,5497,NNP,지명,T,지천역,Compound,*,*,지천/NNP/지명+역/NNG/*
지축역,1789,3553,5497,NNP,지명,T,지축역,Compound,*,*,지축/NNP/지명+역/NNG/*
지탄역,1789,3553,5497,NNP,지명,T,지탄역,Compound,*,*,지탄/NNP/지명+역/NNG/*
지평역,1789,3553,5497,NNP,지명,T,지평역,Compound,*,*,지평/NNP/지명+역/NNG/*
지행역,1789,3553,5497,NNP,지명,T,지행역,Compound,*,*,지행/NNP/지명+역/NNG/*
직산역,1789,3553,5497,NNP,지명,T,직산역,Compound,*,*,직산/NNP/지명+역/NNG/*
직지사역,1789,3553,5497,NNP,지명,T,직지사역,Compound,*,*,직지사/NNP/*+역/NNG/*
진남역,1789,3553,5497,NNP,지명,T,진남역,Compound,*,*,진남/NNG/*+역/NNG/*
진상역,1789,3553,5497,NNP,지명,T,진상역,Compound,*,*,진상/NNP/지명+역/NNG/*
진영역,1789,3553,5497,NNP,지명,T,진영역,Compound,*,*,진영/NNP/지명+역/NNG/*
진위역,1789,3553,5497,NNP,지명,T,진위역,Compound,*,*,진위/NNP/지명+역/NNG/*
진주역,1789,3553,5497,NNP,지명,T,진주역,Compound,*,*,진주/NNP/지명+역/NNG/*
진천역,1789,3553,5497,NNP,지명,T,진천역,Compound,*,*,진천/NNP/지명+역/NNG/*
진해역,1789,3553,5497,NNP,지명,T,진해역,Compound,*,*,진해/NNP/지명+역/NNG/*
창교역,1789,3553,5497,NNP,지명,T,창교역,Compound,*,*,창교/NNP/지명+역/NNG/*
창동역,1789,3553,5497,NNP,지명,T,창동역,Compound,*,*,창동/NNP/지명+역/NNG/*
창신역,1789,3553,5497,NNP,지명,T,창신역,Compound,*,*,창신/NNP/지명+역/NNG/*
창원역,1789,3553,5497,NNP,지명,T,창원역,Compound,*,*,창원/NNP/지명+역/NNG/*
채운역,1789,3553,5497,NNP,지명,T,채운역,Compound,*,*,채운/NNP/지명+역/NNG/*
천마산역,1789,3553,5497,NNP,지명,T,천마산역,Compound,*,*,천마/NNG/*+산/NNG/*+역/NNG/*
천안아산역,1789,3553,5497,NNP,지명,T,천안아산역,Compound,*,*,천안/NNP/지명+아산/NNP/지명+역/NNG/*
천안역,1789,3553,5497,NNP,지명,T,천안역,Compound,*,*,천안/NNP/지명+역/NNG/*
천왕역,1789,3553,5497,NNP,지명,T,천왕역,Compound,*,*,천왕/NNP/지명+역/NNG/*
천호역,1789,3553,5497,NNP,지명,T,천호역,Compound,*,*,천호/NNP/지명+역/NNG/*
철산역,1789,3553,5497,NNP,지명,T,철산역,Compound,*,*,철산/NNP/지명+역/NNG/*
철암역,1789,3553,5497,NNP,지명,T,철암역,Compound,*,*,철암/NNP/지명+역/NNG/*
청계산입구역,1789,3553,5497,NNP,지명,T,청계산입구역,Compound,*,*,청계산/NNP/지명+입구/NNG/장소+역/NNG/*
청구역,1789,3553,5497,NNP,지명,T,청구역,Compound,*,*,청구/NNP/지명+역/NNG/*
청담역,1789,3553,5497,NNP,지명,T,청담역,Compound,*,*,청담/NNP/지명+역/NNG/*
청도역,1789,3553,5497,NNP,지명,T,청도역,Compound,*,*,청도/NNP/지명+역/NNG/*
청라국제도시역,1789,3553,5497,NNP,지명,T,청라국제도시역,Compound,*,*,청라/NNG/*+국제/NNG/*+도시/NNG/*+역/NNG/*
청량리역,1789,3553,5497,NNP,지명,T,청량리역,Compound,*,*,청량리/NNP/지명+역/NNG/*
청령역,1789,3553,5497,NNP,지명,T,청령역,Compound,*,*,청령/NNP/지명+역/NNG/*
청령포역,1789,3553,5497,NNP,지명,T,청령포역,Compound,*,*,청령/NNG/*+포/NNG/*+역/NNG/*
청리역,1789,3553,5497,NNP,지명,T,청리역,Compound,*,*,청리/NNP/지명+역/NNG/*
청명역,1789,3553,5497,NNP,지명,T,청명역,Compound,*,*,청명/NNG/*+역/NNG/*
청소역,1789,3553,5497,NNP,지명,T,청소역,Compound,*,*,청소/NNP/지명+역/NNG/*
청주공항역,1789,3553,5497,NNP,지명,T,청주공항역,Compound,*,*,청주/NNP/지명+공항/NNP/지명+역/NNG/*
청주역,1789,3553,5497,NNP,지명,T,청주역,Compound,*,*,청주/NNP/지명+역/NNG/*
청천역,1789,3553,5497,NNP,지명,T,청천역,Compound,*,*,청천/NNP/지명+역/NNG/*
청평역,1789,3553,5497,NNP,지명,T,청평역,Compound,*,*,청평/NNP/지명+역/NNG/*
체육공원역,1789,3553,5497,NNP,지명,T,체육공원역,Compound,*,*,체육/NNG/*+공원/NNG/*+역/NNG/*
초강역,1789,3553,5497,NNP,지명,T,초강역,Compound,*,*,초강/NNP/지명+역/NNG/*
초남역,1789,3553,5497,NNP,지명,T,초남역,Compound,*,*,초남/NNP/지명+역/NNG/*
초당역,1789,3553,5497,NNP,지명,T,초당역,Compound,*,*,초당/NNP/지명+역/NNG/*
초량역,1789,3553,5497,NNP,지명,T,초량역,Compound,*,*,초량/NNP/지명+역/NNG/*
초성리역,1789,3553,5497,NNP,지명,T,초성리역,Compound,*,*,초성/NNP/지명+리/NNG/*+역/NNG/*
초지역,1789,3553,5497,NNP,지명,T,초지역,Compound,*,*,초지/NNP/지명+역/NNG/*
추암역,1789,3553,5497,NNP,지명,T,추암역,Compound,*,*,추암/NNP/지명+역/NNG/*
추전역,1789,3553,5497,NNP,지명,T,추전역,Compound,*,*,추전/NNP/지명+역/NNG/*
추풍령역,1789,3553,5497,NNP,지명,T,추풍령역,Compound,*,*,추풍/NNG/*+령/NNG/*+역/NNG/*
춘양역,1789,3553,5497,NNP,지명,T,춘양역,Compound,*,*,춘양/NNP/지명+역/NNG/*
춘의역,1789,3553,5497,NNP,지명,T,춘의역,Compound,*,*,춘의/NNP/지명+역/NNG/*
춘천역,1789,3553,5497,NNP,지명,T,춘천역,Compound,*,*,춘천/NNP/지명+역/NNG/*
춘포역,1789,3553,5497,NNP,지명,T,춘포역,Compound,*,*,춘포/NNP/지명+역/NNG/*
충렬사역,1789,3553,5497,NNP,지명,T,충렬사역,Compound,*,*,충렬/NNG/*+사/NNG/*+역/NNG/*
충무로역,1789,3553,5497,NNP,지명,T,충무로역,Compound,*,*,충무/NNP/지명+로/NNG/*+역/NNG/*
충정로역,1789,3553,5497,NNP,지명,T,충정로역,Compound,*,*,충정/NNG/정적사태+로/JKB/*+역/NNG/*
충주역,1789,3553,5497,NNP,지명,T,충주역,Compound,*,*,충주/NNP/지명+역/NNG/*
치악역,1789,3553,5497,NNP,지명,T,치악역,Compound,*,*,치악/NNP/지명+역/NNG/*
칠곡경대병원역,1789,3553,5497,NNP,지명,T,칠곡경대병원역,Compound,*,*,칠곡/NNP/지명+경대/NNG/*+병원/NNP/지명+역/NNG/*
칠곡역,1789,3553,5497,NNP,지명,T,칠곡역,Compound,*,*,칠곡/NNP/지명+역/NNG/*
칠성시장역,1789,3553,5497,NNP,지명,T,칠성시장역,Compound,*,*,칠성/NNG/*+시장/NNG/*+역/NNG/*
캠퍼스타운역,1789,3553,5497,NNP,지명,T,캠퍼스타운역,Compound,*,*,캠퍼스/NNG/*+타운/NNG/*+역/NNG/*
탄방역,1789,3553,5497,NNP,지명,T,탄방역,Compound,*,*,탄방/NNP/지명+역/NNG/*
탄부역,1789,3553,5497,NNP,지명,T,탄부역,Compound,*,*,탄부/NNP/지명+역/NNG/*
탄현역,1789,3553,5497,NNP,지명,T,탄현역,Compound,*,*,탄현/NNP/지명+역/NNG/*
탑리역,1789,3553,5497,NNP,지명,T,탑리역,Compound,*,*,탑리/NNP/지명+역/NNG/*
탑석역,1789,3553,5497,NNP,지명,T,탑석역,Compound,*,*,탑석/NNP/지명+역/NNG/*
태금역,1789,3553,5497,NNP,지명,T,태금역,Compound,*,*,태금/NNG/*+역/NNG/*
태릉입구역,1789,3553,5497,NNP,지명,T,태릉입구역,Compound,*,*,태릉/NNG/*+입구/NNG/장소+역/NNG/*
태백역,1789,3553,5497,NNP,지명,T,태백역,Compound,*,*,태백/NNP/지명+역/NNG/*
태전역,1789,3553,5497,NNP,지명,T,태전역,Compound,*,*,태전/NNP/지명+역/NNG/*
태평역,1789,3553,5497,NNP,지명,T,태평역,Compound,*,*,태평/NNP/지명+역/NNG/*
태화강역,1789,3553,5497,NNP,지명,T,태화강역,Compound,*,*,태화/NNG/*+강/NNG/*+역/NNG/*
테크노파크역,1789,3553,5497,NNP,지명,T,테크노파크역,Compound,*,*,테/NNP/*+파크/NNG/*+역/NNG/*
토성역,1789,3553,5497,NNP,지명,T,토성역,Compound,*,*,토성/NNP/지명+역/NNG/*
통해역,1789,3553,5497,NNP,지명,T,통해역,Compound,*,*,통해/NNP/지명+역/NNG/*
퇴계원역,1789,3553,5497,NNP,지명,T,퇴계원역,Compound,*,*,퇴계원/NNP/지명+역/NNG/*
파주역,1789,3553,5497,NNP,지명,T,파주역,Compound,*,*,파주/NNP/지명+역/NNG/*
판교역,1789,3553,5497,NNP,지명,T,판교역,Compound,*,*,판교/NNP/지명+역/NNG/*
판암역,1789,3553,5497,NNP,지명,T,판암역,Compound,*,*,판암/NNP/지명+역/NNG/*
팔거역,1789,3553,5497,NNP,지명,T,팔거역,Compound,*,*,팔거/NNP/지명+역/NNG/*
팔달시장역,1789,3553,5497,NNP,지명,T,팔달시장역,Compound,*,*,팔달/NNG/*+시장/NNG/*+역/NNG/*
팔달역,1789,3553,5497,NNP,지명,T,팔달역,Compound,*,*,팔달/NNP/지명+역/NNG/*
팔당역,1789,3553,5497,NNP,지명,T,팔당역,Compound,*,*,팔당/NNP/지명+역/NNG/*
평강역,1789,3553,5497,NNP,지명,T,평강역,Compound,*,*,평강/NNP/지명+역/NNG/*
평내호평역,1789,3553,5497,NNP,지명,T,평내호평역,Compound,*,*,평내/NNP/지명+호평/NNP/지명+역/NNG/*
평동역,1789,3553,5497,NNP,지명,T,평동역,Compound,*,*,평동/NNP/지명+역/NNG/*
평은역,1789,3553,5497,NNP,지명,T,평은역,Compound,*,*,평은/NNP/지명+역/NNG/*
평촌역,1789,3553,5497,NNP,지명,T,평촌역,Compound,*,*,평촌/NNP/지명+역/NNG/*
평택역,1789,3553,5497,NNP,지명,T,평택역,Compound,*,*,평택/NNP/지명+역/NNG/*
평화역,1789,3553,5497,NNP,지명,T,평화역,Compound,*,*,평화/NNP/지명+역/NNG/*
포항역,1789,3553,5497,NNP,지명,T,포항역,Compound,*,*,포항/NNP/지명+역/NNG/*
풍기역,1789,3553,5497,NNP,지명,T,풍기역,Compound,*,*,풍기/NNP/지명+역/NNG/*
풍산역,1789,3553,5497,NNP,지명,T,풍산역,Compound,*,*,풍산/NNP/지명+역/NNG/*
하계역,1789,3553,5497,NNP,지명,T,하계역,Compound,*,*,하계/NNP/지명+역/NNG/*
하고사리역,1789,3553,5497,NNP,지명,T,하고사리역,Compound,*,*,하고사/NNP/지명+리/NNG/*+역/NNG/*
하남역,1789,3553,5497,NNP,지명,T,하남역,Compound,*,*,하남/NNP/지명+역/NNG/*
하단역,1789,3553,5497,NNP,지명,T,하단역,Compound,*,*,하단/NNP/지명+역/NNG/*
하동역,1789,3553,5497,NNP,지명,T,하동역,Compound,*,*,하동/NNP/지명+역/NNG/*
하양역,1789,3553,5497,NNP,지명,T,하양역,Compound,*,*,하양/NNP/지명+역/NNG/*
학동·증심사입구역,1,1,5497,NNP,지명,*,학동·증심사입구역,Preanalysis,*,*,학동/NNG/*+·/SC/*+증심사/NNP/지명+입구/NNG/*+역/NNG/*
학동역,1789,3553,5497,NNP,지명,T,학동역,Compound,*,*,학동/NNP/지명+역/NNG/*
학동증심사입구역,1789,3553,5497,NNP,지명,T,학동증심사입구역,Compound,*,*,학동/NNG/*+증심사/NNP/지명+입구/NNG/장소+역/NNG/*
학여울역,1789,3553,5497,NNP,지명,T,학여울역,Compound,*,*,학여울/NNP/인명+역/NNG/*
학정역,1789,3553,5497,NNP,지명,T,학정역,Compound,*,*,학정/NNP/지명+역/NNG/*
한강진역,1789,3553,5497,NNP,지명,T,한강진역,Compound,*,*,한강/NNG/*+진/NNG/*+역/NNG/*
한남역,1789,3553,5497,NNP,지명,T,한남역,Compound,*,*,한남/NNP/지명+역/NNG/*
한대앞역,1789,3553,5497,NNP,지명,T,한대앞역,Compound,*,*,한대/NNP/지명+앞/NNG/*+역/NNG/*
한림정역,1789,3553,5497,NNP,지명,T,한림정역,Compound,*,*,한림/NNG/*+정/NNG/*+역/NNG/*
한성대입구역,1789,3553,5497,NNP,지명,T,한성대입구역,Compound,*,*,한성/NNP/지명+대/NNG/*+입구/NNG/장소+역/NNG/*
한양대역,1789,3553,5497,NNP,지명,T,한양대역,Compound,*,*,한양/NNP/지명+대/NNG/*+역/NNG/*
한탄강역,1789,3553,5497,NNP,지명,T,한탄강역,Compound,*,*,한탄/NNP/지명+강/NNG/*+역/NNG/*
한티역,1789,3553,5497,NNP,지명,T,한티역,Compound,*,*,한티/NNP/지명+역/NNG/*
함백역,1789,3553,5497,NNP,지명,T,함백역,Compound,*,*,함백/NNP/지명+역/NNG/*
함안역,1789,3553,5497,NNP,지명,T,함안역,Compound,*,*,함안/NNP/지명+역/NNG/*
함열역,1789,3553,5497,NNP,지명,T,함열역,Compound,*,*,함열/NNP/지명+역/NNG/*
함창역,1789,3553,5497,NNP,지명,T,함창역,Compound,*,*,함창/NNP/지명+역/NNG/*
함평역,1789,3553,5497,NNP,지명,T,함평역,Compound,*,*,함평/NNP/지명+역/NNG/*
합정역,1789,3553,5068,NNP,지명,T,합정역,Compound,*,*,합정/NNP/지명+역/NNG/*
해안역,1789,3553,5497,NNP,지명,T,해안역,Compound,*,*,해안/NNP/지명+역/NNG/*
해운대역,1789,3553,5497,NNP,지명,T,해운대역,Compound,*,*,해운/NNG/*+대/NNG/*+역/NNG/*
행당역,1789,3553,5497,NNP,지명,T,행당역,Compound,*,*,행당/NNP/지명+역/NNG/*
행신역,1789,3553,5497,NNP,지명,T,행신역,Compound,*,*,행신/NNP/지명+역/NNG/*
현동역,1789,3553,5497,NNP,지명,T,현동역,Compound,*,*,현동/NNP/지명+역/NNG/*
현충로역,1789,3553,5497,NNP,지명,T,현충로역,Compound,*,*,현충/NNG/*+로/JKB/*+역/NNG/*
현충원역,1789,3553,5497,NNP,지명,T,현충원역,Compound,*,*,현충원/NNP/지명+역/NNG/*
혜화역,1789,3553,6669,NNP,지명,T,혜화역,Compound,*,*,혜화/NNP/지명+역/NNG/*
호계역,1789,3553,5497,NNP,지명,T,호계역,Compound,*,*,호계/NNP/지명+역/NNG/*
호구포역,1789,3553,5497,NNP,지명,T,호구포역,Compound,*,*,호구/NNG/*+포/NNG/*+역/NNG/*
호포역,1789,3553,5497,NNP,지명,T,호포역,Compound,*,*,호포/NNP/지명+역/NNG/*
홍대입구역,1789,3553,5497,NNP,지명,T,홍대입구역,Compound,*,*,홍대/NNP/지명+입구/NNG/장소+역/NNG/*
홍성역,1789,3553,5497,NNP,지명,T,홍성역,Compound,*,*,홍성/NNP/지명+역/NNG/*
홍제역,1789,3553,5497,NNP,지명,T,홍제역,Compound,*,*,홍제/NNP/지명+역/NNG/*
화곡역,1789,3553,5497,NNP,지명,T,화곡역,Compound,*,*,화곡/NNP/지명+역/NNG/*
화랑대역,1789,3553,5497,NNP,지명,T,화랑대역,Compound,*,*,화랑/NNG/*+대/NNG/*+역/NNG/*
화명역,1789,3553,5497,NNP,지명,T,화명역,Compound,*,*,화명/NNP/지명+역/NNG/*
화본역,1789,3553,5497,NNP,지명,T,화본역,Compound,*,*,화본/NNP/지명+역/NNG/*
화산역,1789,3553,5497,NNP,지명,T,화산역,Compound,*,*,화산/NNP/지명+역/NNG/*
화서역,1789,3553,5497,NNP,지명,T,화서역,Compound,*,*,화서/NNP/지명+역/NNG/*
화순역,1789,3553,5497,NNP,지명,T,화순역,Compound,*,*,화순/NNP/지명+역/NNG/*
화양역,1789,3553,5497,NNP,지명,T,화양역,Compound,*,*,화양/NNP/지명+역/NNG/*
화전역,1789,3553,5497,NNP,지명,T,화전역,Compound,*,*,화전/NNP/지명+역/NNG/*
화정역,1789,3553,5497,NNP,지명,T,화정역,Compound,*,*,화정/NNP/지명+역/NNG/*
황간역,1789,3553,5497,NNP,지명,T,황간역,Compound,*,*,황간/NNP/지명+역/NNG/*
황금역,1789,3553,5497,NNP,지명,T,황금역,Compound,*,*,황금/NNP/지명+역/NNG/*
황길역,1789,3553,5497,NNP,지명,T,황길역,Compound,*,*,황길/NNP/지명+역/NNG/*
황등역,1789,3553,5497,NNP,지명,T,황등역,Compound,*,*,황등/NNP/지명+역/NNG/*
회기역,1789,3553,5497,NNP,지명,T,회기역,Compound,*,*,회기/NNP/지명+역/NNG/*
회덕역,1789,3553,5497,NNP,지명,T,회덕역,Compound,*,*,회덕/NNP/지명+역/NNG/*
회룡역,1789,3553,5497,NNP,지명,T,회룡역,Compound,*,*,회룡/NNP/지명+역/NNG/*
회현역,1789,3553,5497,NNP,지명,T,회현역,Compound,*,*,회현/NNP/지명+역/NNG/*
횡천역,1789,3553,5497,NNP,지명,T,횡천역,Compound,*,*,횡천/NNP/지명+역/NNG/*
효문역,1789,3553,5497,NNP,지명,T,효문역,Compound,*,*,효문/NNP/지명+역/NNG/*
효자역,1789,3553,5497,NNP,지명,T,효자역,Compound,*,*,효자/NNP/지명+역/NNG/*
효창공원앞역,1789,3553,5497,NNP,지명,T,효창공원앞역,Compound,*,*,효창/NNP/지명+공원/NNG/*+앞/NNG/*+역/NNG/*
효창역,1789,3553,5497,NNP,지명,T,효창역,Compound,*,*,효창/NNP/지명+역/NNG/*
효천역,1789,3553,5497,NNP,지명,T,효천역,Compound,*,*,효천/NNG/*+역/NNG/*
흑석리역,1789,3553,5497,NNP,지명,T,흑석리역,Compound,*,*,흑석/NNP/지명+리/NNG/*+역/NNG/*
흑석역,1789,3553,5497,NNP,지명,T,흑석역,Compound,*,*,흑석/NNP/지명+역/NNG/*
흥국사역,1789,3553,5497,NNP,지명,T,흥국사역,Compound,*,*,흥국/NNG/*+사/NNG/*+역/NNG/*
흥선역,1789,3553,5497,NNP,지명,T,흥선역,Compound,*,*,흥선/NNP/지명+역/NNG/*
희방사역,1789,3553,5497,NNP,지명,T,희방사역,Compound,*,*,희방/NNG/*+사/NNG/*+역/NNG/*
